-- phpMyAdmin SQL Dump
-- version 5.1.1
-- https://www.phpmyadmin.net/
--
-- Хост: 127.0.0.1:3307
-- Время создания: Дек 08 2022 г., 06:25
-- Версия сервера: 8.0.24
-- Версия PHP: 7.4.27

SET SQL_MODE = "NO_AUTO_VALUE_ON_ZERO";
START TRANSACTION;
SET time_zone = "+00:00";


/*!40101 SET @OLD_CHARACTER_SET_CLIENT=@@CHARACTER_SET_CLIENT */;
/*!40101 SET @OLD_CHARACTER_SET_RESULTS=@@CHARACTER_SET_RESULTS */;
/*!40101 SET @OLD_COLLATION_CONNECTION=@@COLLATION_CONNECTION */;
/*!40101 SET NAMES utf8mb4 */;

--
-- База данных: `mydb`
--

-- --------------------------------------------------------

--
-- Структура таблицы `category`
--

CREATE TABLE `category` (
  `IdCategory` int NOT NULL,
  `NameCategory` varchar(45) NOT NULL
) ENGINE=InnoDB DEFAULT CHARSET=utf8mb4 COLLATE=utf8mb4_0900_ai_ci;

--
-- Дамп данных таблицы `category`
--

INSERT INTO `category` (`IdCategory`, `NameCategory`) VALUES
(1, 'монитор'),
(2, 'ноутбук'),
(3, 'телевизор LED'),
(4, 'смартфон');

-- --------------------------------------------------------

--
-- Структура таблицы `order`
--

CREATE TABLE `order` (
  `IdOrder` int NOT NULL,
  `IdUser` int NOT NULL,
  `Sum` double NOT NULL,
  `DateOrder` date NOT NULL,
  `ArrivalDate` date DEFAULT NULL,
  `Status` varchar(45) DEFAULT NULL
) ENGINE=InnoDB DEFAULT CHARSET=utf8mb4 COLLATE=utf8mb4_0900_ai_ci;

-- --------------------------------------------------------

--
-- Структура таблицы `order_product`
--

CREATE TABLE `order_product` (
  `IdOrder` int NOT NULL,
  `IdProduct` int NOT NULL,
  `Count` int NOT NULL,
  `IdOrderProduct` int NOT NULL
) ENGINE=InnoDB DEFAULT CHARSET=utf8mb4 COLLATE=utf8mb4_0900_ai_ci;

-- --------------------------------------------------------

--
-- Структура таблицы `product`
--

CREATE TABLE `product` (
  `IdProduct` int NOT NULL,
  `NameProduct` varchar(100) NOT NULL,
  `PriceProduct` double NOT NULL,
  `DescriptionProduct` varchar(1400) DEFAULT NULL,
  `CountInStock` int NOT NULL DEFAULT '0',
  `Discount` double NOT NULL DEFAULT '0',
  `IdCategory` int NOT NULL,
  `Score` decimal(2,1) DEFAULT '0.0'
) ENGINE=InnoDB DEFAULT CHARSET=utf8mb4 COLLATE=utf8mb4_0900_ai_ci;

--
-- Дамп данных таблицы `product`
--

INSERT INTO `product` (`IdProduct`, `NameProduct`, `PriceProduct`, `DescriptionProduct`, `CountInStock`, `Discount`, `IdCategory`, `Score`) VALUES
(20, '23.8\" Монитор Acer EK240YCbi черный', 10899, 'Наслаждайтесь просмотром фильмов и захватывающими играми на Full HD экране монитора Acer EK240YCbi . Технология снижения мерцания и фильтры синего цвета обеспечивают комфортное отображение и позволяют полностью погрузиться в игровой процесс. Для подключения источников сигнала предусмотрены порты HDMI и VGA.', 135, 0, 1, '0.0'),
(21, '23.8\" Монитор ASUS VY249HE черный', 10899, 'Монитор с диагональю 24 дюйма, матрицей TFT IPS, разрешением 1920х1080, соотношением сторон экрана 16:9, максимальной частотой 75 Гц. У монитора качественный плоский экран с яркостью 250 кд/м2, временем отклика 1 мс, отображающий изображение с глубиной 16.7 млн. цветов с областью обзора по горизонтали: 178°; по вертикали: 178°. Для подключения предусмотрены порты: VGA (D-SUB), HDMI.', 305, 0, 1, '0.0'),
(22, '23.8\" Монитор HUAWEI MateView SE SSN-24 черный', 10999, 'Монитор HUAWEI MateView SE SSN-24 обладает всем необходимым для комфортной продуктивной работы с приложениями и увлекательных развлечений мультимедиа. Он выполнен в тонком корпусе и обладает безрамочным исполнением с минимально узкой рамкой. В мониторе установлен экран диагональю 23.8 дюймов с матрицей IPS FullHD. Защита от синего света и бликов повышает комфорт и безопасность просмотра. В мониторе HUAWEI MateView SE SSN-24 предусмотрены разъемы HDMI и DisplatPort.', 466, 0, 1, '0.0'),
(23, '23.8\" Монитор Philips 241V8L/01 черный', 10999, 'Монитор Philips 241V8L/01 предоставляет комфортные условия для продуктивной работы и увлекательного просмотра контента мультимедиа на широкоугольном 23.8-дюймовом экране с безрамочным дизайном. Матрица VA стандарта FullHD воспроизводит реалистичное изображение с высокой точностью передачи деталей и цветовой палитры. Для снижения нагрузки на глаза реализованы антибликовое покрытие, режим снижения синего света и предотвращение мерцания. Из интерфейсов в мониторе Philips 241V8L/01 предусмотрены видеовыходы HDMI и VGA (D-Sub), а также выход на наушники. Подставка позволяет регулировать угол наклона для настройки положения экрана.', 150, 0, 1, '0.0'),
(24, '27\" Монитор Philips 273V7QSB (00/01) черный', 10999, 'Монитор Philips 273V7QSB (00/01) – это действительно умная машина, функции которой позволяют оптимизировать характеристики дисплея так, чтобы работа или отдых за ним были для пользователя максимально комфортными и продуктивными. Так функция SmartContrast предназначена для автоматического настраивания цветов и интенсивности подсветки – все для улучшения контрастности. Функция SmartImage в свою очередь анализирует отображаемое на экране для последующего автоматического улучшения его качества. 27-дюймовый монитор выглядит стильно и изящно, ведь его отличает безрамочный трехсторонний дизайн, подсветка LED, еще усиливающая контрастность. <br> Матрица IPS - это гарант отличной цветопередачи, безупречной контрастности и оптимальных углов обзора в 178 градусов. С высокой яркостью в 250 кд/м2 качеству картинки не страшно даже яркое освещение, а матовое покрытие устранит блики. Реализованная в Philips 273V7QSB (00/01) технология защиты зрения позволит вам проводить столько времени за монитором, сколько необходимо, без опасений возникновения раздражения глаз.', 294, 0, 1, '0.0'),
(25, '23.8\" Монитор Philips 243V7QSB/00 черный', 10999, '23.8\" Монитор Philips 243V7QSB/00 – модель от крупной компании. При его создании основные элементы были окрашены в черный цвет. Дополнительно производитель реализовал трехсторонний безрамочный дизайн. <br> За счет этого монитор Philips 243V7QSB/00 получил стильное внешнее исполнение. Он сможет вписаться в ваш рабочий стол и станет его полноценной частью. Минимальные рамочки позволяют получить уникальные ощущения при взаимодействии с монитором. <br> Диагональ дисплея составляет 23.8 дюйма. Разрешение – 1920x1080. Нельзя не отметить использование технологии IPS при изготовлении матрицы. В результате пользователь получает отличное изображение с широкими углами обзора. <br> Монитор при необходимости можно зафиксировать на стене. Для этой цели используются крепления VESA 100x100. Удается сэкономить место на рабочем столе и полноценно пользоваться монитором. <br> Энергопотребление – 14.1 Вт. Блок питания встроен в корпус, в комплекте предоставляется кабель для подключения к розетке. Присоединение к источнику сигнала осуществляется через разъем DVI-D или VGA.', 456, 0, 1, '0.0'),
(26, '21.5\" Монитор Acer KA220HQ черный', 10999, 'Серия KA оптимизирована для комфортного просмотра. Экран не вызывает усталость глаз, обеспечивает низкое время отклика и использует специальную технологию, устраняющую блики и резкий синий свет. Удобная настройка и широкий угол обзора помогут найти идеальное положение для просмотра.', 249, 0, 1, '0.0'),
(27, '23.6\" Монитор Philips 241E1SC черный', 10999, 'Изогнутый дисплей Philips E Line 24\" имеет стильный корпус и передает изображение с полноценным эффектом погружения. Наслаждайтесь картинкой Full HD и плавными переходами с технологией AMD FreeSync.', 171, 0, 1, '0.0'),
(28, '23.8\" Монитор AOC 24B2XDAM черный', 10999, '23.8\" Монитор AOC 24B2XDAM благодаря своим особенностям станет отличным выбором для комфортной работы и развлечений. В основе этой модели используется VA-матрица диагональю 23.8\" с равномерной LED-подсветкой, что может обеспечить качественную передачу цветов и оттенков, а также широкие углы обзора по горизонтали и вертикали – вплоть до 178°. Благодаря матовому покрытию экран не подвержен бликам от солнца или искусственных источников света, а яркость до 250 Кд/м² и контрастность 3000:1 обеспечит комфортную работу в дневное время. Разрешение матрицы составляет 1920x1080 пикселей, что способствует высокой четкости даже самых маленьких элементов изображения. <br> Монитор AOC 24B2XDAM выполнен в корпусе из высококачественного черного пластика и отличается лаконичным дизайном, что вкупе с тонкими рамками вокруг экрана подарит вам комфорт при работе и украсит ваш интерьер дома или в офисе. Для подключения периферии на задней панели предусмотрены различные выходы, среди которых есть VGA (D-Sub), DVI-D и HDMI. Также на корпусе предусмотрен разъем для наушников. Модель также отличается встроенной акустической системой мощностью 2 Вт и возможностью монтажа на стену при помощи крепления VESA 100x100 мм. Монитор поставляется с набором кабелей и адаптером питания.', 274, 0, 1, '0.0'),
(29, '23.8\" Монитор Dell E2422H черный', 10999, 'Dell E2422H 23,8-дюймовый монитор Full HD с широким углом обзора и экологически чистым дизайном. <br> Широкий угол обзора: смотрите на свою работу с превосходной четкостью FHD. Технология IPS обеспечивает стабильную цветопередачу и качество изображения при широком угле обзора 178 ° / 178 °. <br> Комфорт для глаз: этот монитор оснащен немерцающим экраном с программной функцией ComfortView, которая снижает вредное излучение синего света. Он разработан для обеспечения максимального комфорта глаз даже в течение длительного периода времени. <br> Экологические стандарты: Этот монитор соответствует последним нормативным и экологическим стандартам , таким как EnergyStar ® , EPEAT ® Gold и ТС. <br> Энергосбережение: экономьте энергию, когда ваш монитор не используется, с PowerNap - функцией, которая затемняет или переводит ваш монитор в спящий режим, когда он не используется.', 345, 0, 1, '0.0'),
(30, '23.8\" Монитор LG 24MP400-B черный', 10999, 'Монитор LG 24MP400-B с технологией IPS подчеркивает производительность жидкокристаллических дисплеев. Время отклика сокращается, цветопередача улучшается, и пользователи могут смотреть на экран под широким углом. Этот дисплей имеет тонкую рамку с трех сторон и не мешает великолепной чёткости изображения, что позволяет создать оптимальную рабочую среду за счет удобной регулировки наклона.', 200, 0, 1, '0.0'),
(31, '23.8\" Монитор Xiaomi Mi Desktop Monitor 1С черный', 10999, 'Монитор Xiaomi Mi Desktop Monitor 1С привлекает внимание элегантностью форм, практически незаметной узкой рамкой около экрана и востребованным функционалом, поэтому станет надежным выбором для работы с различными приложениями и развлечений мультимедиа на каждый день. Он получил экран 23.8 дюймов с матрицей IPS FullHD, формирующей детализированное изображение с хорошими показателями цветопередачи и яркости. Для безопасного просмотра реализованы матовое покрытие и технологии защиты зрения, снижающие усталость и нагрузку на глаза даже при длительном просмотре. Для подключения источников изображения Xiaomi Mi Desktop 1С предлагает по одному разъему HDMI и VGA (D-sub). Подставка позволяет настраивать положение экрана с помощью регулировки угла наклона.', 355, 0, 1, '0.0'),
(32, '27\" Монитор ASUS VA279HAE черный', 10999, 'Монитор ASUS VA279HAE [90LM04JI-B01370] в тонком черном корпусе предоставит геймеру обширные игровые возможности и при этом защитит его глаза за счет технологий ASUS Eye Care и Low Blue Light‎ (заглушение интенсивности синего цвета). При этом он предоставляет обширную рабочую область 598x336 мм и разрешение 1920x1080 точек на дюйм. LED-подсветка и матовое покрытие дисплея также относятся к его неоспоримым плюсам. Контрастность 3000:1 сочетается со временем отклика пикселя 6 мс. <br> Наклон монитора ASUS VA279HAE [90LM04JI-B01370] можно регулировать в зависимости от удобства пользователя. Наборы функций GamePlus Technology невероятно расширяют возможности игрока. Благодаря набору разъемов и интерфейсов к монитору можно подключить множество цифровых устройств.', 392, 0, 1, '0.0'),
(33, '27\" Монитор Acer CBA272Bbir черный', 10999, 'Монитор Acer CBA272Bbir выделяется классическим дизайном и узкой рамкой, позволяющей максимально сосредоточиться на выполнении задач. Он станет надежным помощником для продуктивной работы и мультимедийных развлечений. Установленная в мониторе матрица VA FullHD диагональю 27 дюймов позволяет получать удовольствие от четкой и красочной картинки с широкими углами обзора. Благодаря времени отклика на уровне показателя 1 мс и частоте обновления 75 Гц исключается размытие графики. Технологии защиты зрения и матовое покрытие обеспечивают комфортный просмотр. <br> Acer CBA272Bbir получил видеовыходы VGA и HDMI. Конструкция подставки позволяет настраивать положение экрана за счет широких возможностей регулировки.', 378, 0, 1, '0.0'),
(34, '27\" Монитор MSI Pro MP271 черный', 10999, 'Монитор MSI Pro MP271 [9S6-3PA2CT-002] сочетает в себе высокое качество изображения, комфортные условия для продолжительной работы с данными и тщательно продуманную эргономику. На экране диагональю 27 дюйма стандарта FullHD отображается детализированная картинка с реалистичной цветопередачей. Технология защиты зрения за счет снижения нагрузки на глаза повышает комфорт просмотра. <br> С помощью приложения MSI Display Kit можно разделять экран на две части, переключаться между различными режимами работы и настраивать монитор за счет использования манипуляторов. Коммуникационные возможности MSI Pro MP271 [9S6-3PA2CT-002] представлены видеовыходами HDMI и VGA (D-sub), а также выходом на наушники. Встроенные динамики по 2 Вт воспроизводят четкий и насыщенный звук. А конструкция подставки дает возможность регулировать угол наклона для настройки положения просмотра.', 301, 0, 1, '0.0'),
(35, '27\" Монитор Philips 271V8L черный', 10999, 'Широкоугольный монитор Philips V Line позволяет просматривать контент на высоком уровне и располагает широким рядом полезных функций. Технология Adaptive-Sync обеспечивает плавное воспроизведение видео. Такие функции, как антиблик, режим LowBlue и предотвращение мерцания, снизят нагрузку на глаза.', 412, 0, 1, '0.0'),
(36, '13.3\" Ноутбук Irbis NB81 черный', 15199, 'Этот ноутбук создан для тех, кто хочет получить хорошее производительное компьютерное устройство с наиболее востребованным функционалом. Данная модель полностью удовлетворяет данные требования. Надежный накопитель предоставляет вам возможности для долговременного хранения необходимой виртуальной информации. Устройство оборудовано веб-камерой и микрофоном, благодаря которым вы сможете организовывать видеоконференции с партнерами по бизнесу и коллегами по работе.', 495, 0, 2, '0.0'),
(37, '13.3\" Ноутбук Irbis NB79 синий', 15199, 'Ноутбук Irbis NB79 выполнен в тонком и легком корпусе с яркой синей расцветкой, что делает его стильным помощником для активных пользователей. В данной модели установлен экран 13.3 дюйма с панелью TN стандарта HD и матовым антибликовым покрытием. Аппаратная платформа во главе с процессором Celeron 3350 в дополнении 4 ГБ памяти оперативной памяти обеспечивает высокий уровень производительности при выполнении различных задач – веб-серфинг, редактирование документов, запуск мультимедиа. <br> Под хранение файлов пользователя предлагается устройство eMMC на 64 ГБ. Веб-камера и микрофон позволяют делать видеозвонки. В мобильном компьютере реализованы проводные и беспроводные средства коммуникации. Аккумулятор емкостью 4500 мА*ч гарантирует в пределах 3.5 часов автономности Irbis NB79 без необходимости подзарядки.', 458, 0, 2, '0.0'),
(38, '14\" Ноутбук Irbis NB257 серый', 15199, 'Ноутбук Irbis NB257 с предустановленной ОС Windows 10 создан специально для тех, кто регулярно наслаждается просмотром разнообразного контента – так, за трансляцию роликов в HD-разрешении отвечает 14-дюймовый экран с матрицей IPS. Чтобы избежать появления бликов, производитель позаботился о наличии матового покрытия. <br> Ноутбук Irbis NB257 – незаменимый ассистент при выполнении повседневных задач, ведь в качестве «начинки» производитель установил 2-ядерный процессор Intel Celeron 3350. Используя веб-камеру и микрофон, вы не только поговорите с близкими, но и проведете важное совещание в режиме онлайн. Модуль WI-FI 4 (802.11n) гарантирует отсутствие малейших промедлений при доступе к ресурсам Всемирной паутины. Аккумулятор емкостью 4500 мАч не разрядится на протяжении 3.5 ч, позволяя справляться с назревшими вопросами из любого удобного места.', 478, 0, 2, '0.0'),
(39, '14.1\" Ноутбук Irbis NB270 белый', 15199, 'Этот ноутбук создан для тех, кто хочет получить качественное и производительное компьютерное устройство с наиболее востребованным функционалом. Данная модель полностью удовлетворяет данные требования. Надежный накопитель предоставляет вам возможности для долговременного хранения необходимой виртуальной информации. Устройство оборудовано веб-камерой и микрофоном, благодаря которым вы сможете организовывать видеоконференции с партнерами по бизнесу и коллегами по работе.', 170, 0, 2, '0.0'),
(40, '14.1\" Ноутбук Digma EVE 14 C414 серый', 17999, 'Этот ноутбук создан для тех, кто хочет получить хорошее производительное компьютерное устройство с наиболее востребованным функционалом. Данная модель полностью удовлетворяет данные требования. Надежный накопитель предоставляет вам возможности для долговременного хранения необходимой виртуальной информации. Устройство оборудовано веб-камерой и микрофоном, благодаря которым вы сможете организовывать видеоконференции с партнерами по бизнесу и коллегами по работе.', 409, 0, 2, '0.0'),
(41, '14.1\" Ноутбук Irbis NB144 серый', 17999, 'Ноутбук Irbis NB144 обладает всем необходимым для удобной и продуктивной работы как в офисе, так и во время поездок. Он выполнен в корпусе с компактными размерами и весом 1.28 кг. Благодаря экрану с матрицей IPS FullHD диагональю 14.1 дюйма отображается реалистичная картинка с высокой детализацией и насыщенными цветами. Аудиосистема с двумя динамиками воспроизводит четкий звук. <br> Портативный компьютер Irbis NB144 работает под управлением ОС Windows 10 Professional. Процессор Intel Celeron N3350 в дополнении 4 ГБ памяти ОЗУ обеспечивает стабильную и быструю работу системы при решении повседневных задач. Под размещение пользовательских данных предусмотрен накопитель eMMC емкостью 64 ГБ. В портативном компьютере имеются интерфейсы беспроводной связи Bluetooth и Wi-Fi, а также востребованные порты и разъемы. Аккумулятор емкостью 4000 мА*ч способен обеспечить около 5 часов автономной работы ноутбука.', 261, 0, 2, '0.0'),
(42, '15.6\" Ноутбук Irbis NB262 серебристый', 17999, 'Этот ноутбук создан для тех, кто хочет получить качественное и производительное компьютерное устройство с наиболее востребованным функционалом. Данная модель полностью удовлетворяет данные требования. Надежный накопитель предоставляет вам возможности для долговременного хранения необходимой виртуальной информации. Устройство оборудовано веб-камерой и микрофоном, благодаря которым вы сможете организовывать видеоконференции с партнерами по бизнесу и коллегами по работе.', 403, 0, 2, '0.0'),
(43, '15.6\" Ноутбук Irbis NB263 черный', 17999, 'Этот ноутбук создан для тех, кто хочет получить хорошее производительное компьютерное устройство с наиболее востребованным функционалом. Данная модель полностью удовлетворяет данные требования. Надежный накопитель предоставляет вам возможности для долговременного хранения необходимой виртуальной информации. Устройство оборудовано веб-камерой и микрофоном, благодаря которым вы сможете организовывать видеоконференции с партнерами по бизнесу и коллегами по работе.', 287, 0, 2, '0.0'),
(44, '15.6\" Ноутбук Irbis NB285 черный', 17999, 'Этот ноутбук создан для тех, кто хочет получить качественное и производительное компьютерное устройство с наиболее востребованным функционалом. Данная модель полностью удовлетворяет данные требования. Надежный накопитель предоставляет вам возможности для долговременного хранения необходимой виртуальной информации. Устройство оборудовано веб-камерой и микрофоном, благодаря которым вы сможете организовывать видеоконференции с партнерами по бизнесу и коллегами по работе.', 132, 0, 2, '0.0'),
(45, '15.6\" Ноутбук Irbis NB290 черный', 17999, 'Этот ноутбук создан для тех, кто хочет получить качественное и производительное компьютерное устройство с наиболее востребованным функционалом. Данная модель полностью удовлетворяет данные требования. Надежный накопитель предоставляет вам возможности для долговременного хранения необходимой виртуальной информации. Устройство оборудовано веб-камерой и микрофоном, благодаря которым вы сможете организовывать видеоконференции с партнерами по бизнесу и коллегами по работе.', 401, 0, 2, '0.0'),
(46, '11.6\" Ноутбук Lenovo IdeaPad 1 11ADA05 серебристый', 17999, 'Компактный размер (11 дюймов) и небольшой вес (1,2 кг) IdeaPad 1 (11) позволят вам взять его с собой куда угодно. Положите его в дорожную сумку и отправляйтесь навстречу приключениям, не загромождая место крупными устройствами. Время автономной работы устройства составляет до 8 часов — этого вам хватит на весь день.', 126, 0, 2, '0.0'),
(47, '14.1\" Ноутбук Echips Lite2 серый', 17999, 'Ноутбук Echips Lite2 подойдет для работы и учебы. Echips Lite2 – отличный выбор, когда нужен надежный и производительный, но в то же время компактный ноутбук за небольшие деньги. Ноутбук с диагональю 14\" - это золотая середина между комфортной работой и замечательной мобильностью, ведь вес Echips Lite2 составляет 1.5 кг.', 245, 0, 2, '0.0'),
(48, '17.3\" Ноутбук Irbis NB703 белый', 17999, 'Этот ноутбук создан для тех, кто хочет получить хорошее производительное компьютерное устройство с наиболее востребованным функционалом. Данная модель полностью удовлетворяет данные требования. Надежный накопитель предоставляет вам возможности для долговременного хранения необходимой виртуальной информации. Устройство оборудовано веб-камерой и микрофоном, благодаря которым вы сможете организовывать видеоконференции с партнерами по бизнесу и коллегами по работе.', 110, 0, 2, '0.0'),
(49, '15.6\" Ноутбук Irbis NB275 черный', 17999, 'Этот ноутбук создан для тех, кто хочет получить качественное и производительное компьютерное устройство с наиболее востребованным функционалом. Данная модель полностью удовлетворяет данные требования. Надежный накопитель предоставляет вам возможности для долговременного хранения необходимой виртуальной информации. Устройство оборудовано веб-камерой и микрофоном, благодаря которым вы сможете организовывать видеоконференции с партнерами по бизнесу и коллегами по работе.', 240, 0, 2, '0.0'),
(50, '15.6\" Ноутбук Irbis NB276 серый', 17999, 'Этот ноутбук создан для тех, кто хочет получить хорошее производительное компьютерное устройство с наиболее востребованным функционалом. Данная модель полностью удовлетворяет данные требования. Надежный накопитель предоставляет вам возможности для долговременного хранения необходимой виртуальной информации. Устройство оборудовано веб-камерой и микрофоном, благодаря которым вы сможете организовывать видеоконференции с партнерами по бизнесу и коллегами по работе.', 402, 0, 2, '0.0'),
(51, '11.6\" Ноутбук ASUS Laptop E210MA-GJ338T черный', 17999, 'Собранный в компактном пластиковом корпусе ноутбук ASUS Laptop E210MA-GJ338T рассчитан на работу с офисными программами. Модель подойдет для работы и учебы. Благодаря наличию интегрированного видеоадаптера ноутбук отличается сниженным энергопотреблением. Изображение выводится на 11.6-дюймовый экран с разрешением 1366x768. <br> Основа конфигурации ноутбука ASUS Laptop E210MA-GJ338T – 1.1-гигагерцовый процессор Celeron N4020 и 4 ГБ оперативной памяти. Данные размещаются на 128-гигабайтном накопителе eMMC.', 252, 0, 2, '0.0'),
(52, '13.5\" Ноутбук Irbis NB658 черный', 17999, 'Этот ноутбук создан для тех, кто хочет получить хорошее производительное компьютерное устройство с наиболее востребованным функционалом. Данная модель полностью удовлетворяет данные требования. Надежный накопитель предоставляет вам возможности для долговременного хранения необходимой виртуальной информации. Устройство оборудовано веб-камерой и микрофоном, благодаря которым вы сможете организовывать видеоконференции с партнерами по бизнесу и коллегами по работе.', 127, 0, 2, '0.0'),
(53, '14\" Ноутбук Lenovo IdeaPad 1 14ADA05 серый', 17999, 'Этот ноутбук создан для тех, кто хочет получить хорошее производительное компьютерное устройство с наиболее востребованным функционалом. Данная модель полностью удовлетворяет данные требования. Надежный накопитель предоставляет вам возможности для долговременного хранения необходимой виртуальной информации. Устройство оборудовано веб-камерой и микрофоном, благодаря которым вы сможете организовывать видеоконференции с партнерами по бизнесу и коллегами по работе.', 158, 0, 2, '0.0'),
(54, '15.6\" Ноутбук Acer Extensa 15 EX215-31-C3FF черный', 17999, 'Этот ноутбук создан для тех, кто хочет получить качественное и производительное компьютерное устройство с наиболее востребованным функционалом. Данная модель полностью удовлетворяет данные требования. Надежный накопитель предоставляет вам возможности для долговременного хранения необходимой виртуальной информации. Устройство оборудовано веб-камерой и микрофоном, благодаря которым вы сможете организовывать видеоконференции с партнерами по бизнесу и коллегами по работе.', 156, 0, 2, '0.0'),
(55, '15.6\" Ноутбук Lenovo IdeaPad 3 15ADA05 серый', 17999, 'IdeaPad 3 (15, AMD) — производительный ноутбук начального уровня, который поможет вам справляться с повседневными задачами. Тонкие рамки, обрамляющие HD-дисплей IdeaPad 3 (15, AMD) с двух сторон, придают этому ноутбуку изящный вид и расширяют рабочее пространство для пользователя. Два динамика с поддержкой технологии Dolby Audio обеспечивают оптимальное качество звука — вам точно понравится все, что вы увидите и услышите. Продуманные детали, такие как защитная шторка для веб-камеры, делают эти устройства вашими идеальными помощниками в повседневной жизни.', 183, 0, 2, '0.0'),
(56, '15.6\" Ноутбук Acer Aspire 3 A315-34-C1QD черный', 17999, 'Ноутбук Acer Aspire 3 A315-34-C1QD с диагональю 15.6\" представлен в черном корпусе и обеспечивает тот уровень производительности, при котором вы не будете ощущать дискомфорта при работе с привычными программами. Модуль Wi-Fi способствует быстрому подключению к сетям, гарантируя плавность и стабильность загрузки каждой страницы интернет-ресурсов. Изначально на этом аппарате установлена UNIX-подобная: эта система позволит дать оценку его возможностям. В дальнейшем вы сможете сменить систему на более удобную, если это потребуется. <br> В основе экрана Acer Aspire 3 A315-34-C1QD лежит технология TN+film, которая позволяет получить четкую картинку в разрешении 1920x1080 с комфортными показателями контрастности и яркости. Стабильности и комфортной производительности аппарата способствует работа процессора Intel Celeron N4000 с двухъядерной конфигурацией на частоте 1.1 ГГц. В сочетании с 4 ГБ модуля DDR4 вы получаете ту производительность, которая позволит с комфортом пользоваться всем функционалом аппарата.', 498, 0, 2, '0.0'),
(57, '15.6\" Ноутбук HP 250 G7 серый', 17999, 'Ноутбук HP 250 G7 оснащен передовыми технологиями и позволяет всегда оставаться на связи, а прочный корпус обеспечивает надежную защиту устройства. Этот ноутбук на базе процессоров Intel оснащен всеми необходимыми инструментами для совместной работы и позволяет решать любые задачи.', 477, 0, 2, '0.0'),
(58, '15.6\" Ноутбук HP 250 G8 серый', 17999, 'Будьте всегда на связи — этот полнофункциональный ноутбук HP 250 в модернизированном облегченном корпусе удобно брать с собой куда угодно. Ноутбук HP 250 G8 на базе процессора Intel оснащен всеми необходимыми инструментами для совместной работы и позволяет решать любые задачи.', 290, 0, 2, '0.0'),
(59, '15.6\" Ноутбук Lenovo IdeaPad 3 15IGL05 серый', 17999, 'Ноутбук Lenovo IdeaPad 3 15IGL05 в сером пластиковом корпусе весом 1.7 кг позволит создать рабочее место где угодно, даже в самолете. TN+film-экран обладает диагональю 15.6 дюйма и HD разрешением. Матовое покрытие делает изображение комфортным для глаз.', 326, 0, 2, '0.0'),
(60, '15.6\" Ноутбук Lenovo IdeaPad S145-15API серый', 17999, 'С ноутбуком Lenovo IdeaPad S145-15API покорять карьерные горизонты станет еще проще. Он оснащен всем необходимым функционалом для работы в офисных и учетных программах, а также для общения по видеосвязи. Его тонкий (1.99 см в сложенном виде) корпус изготовлен из серого пластика. Клавиатура оснащена цифровым блоком для удобства оперирования числами. <br> Wi-Fi версии 5 (802.11ac) позволяет принимать высокоскоростной интернет. За счет Bluetooth 4.2 можно обмениваться файлами между ноутбуком и смартфонами/планшетами без проводов. Просто гениальное решение! Для хранения необходимых файлов и программ ноутбук Lenovo IdeaPad S145-15API имеет твердотельный накопитель на 128 ГБ.', 121, 0, 2, '0.0'),
(61, '15.6\" Ноутбук Lenovo V15 ADA серый', 17999, 'Lenovo V15 (AMD) поддерживает все необходимые операции, от видеозвонков до проведения презентаций и работы в режиме многозадачности. Благодаря мощному процессору AMD этот 15,6-дюймовый ноутбук поможет вам повысить эффективность работы, сохраняя при этом конфиденциальность ваших данных. Помимо улучшенного качества изображения, ноутбук также предлагает встроенные функции обеспечения высокой надежности и производительности, которые сэкономят ваше время и силы.', 482, 0, 2, '0.0'),
(62, '15.6\" Ноутбук Lenovo V15 IGL серый', 17999, 'Ноутбук Lenovo V15 IGL будет эффективно помогать вам в решении различных компьютерных задач. Выполненный в корпусе весом 1.85 кг, он не займет много места в сумке или рюкзаке при транспортировке. Благодаря комбинации процессора Intel Celeron N4120, 4 ГБ памяти ОЗУ и накопителю HDD емкостью 1 ТБ обеспечивается высокий уровень производительности. Матовый экран диагональю 15.6 дюйма с разрешающей способностью 1366x768 пикселей порадует детализированной картинкой без бликов. Аудиосистема воспроизводит четкий звук. Для подключения устройств предлагаются порты и разъемы, а также средства беспроводной связи Wi-Fi и Bluetooth. На основе аккумулятора емкостью 35 Вт*ч Lenovo V15 IGL способен работать автономно до 6 часов.', 254, 0, 2, '0.0'),
(63, '14\" Ноутбук ASUS Laptop E410KA-BV1234W белый', 17999, 'Жизнь – это поиск гармонии, и ноутбук ASUS Laptop E410 представляет собой весьма гармоничное решение со сбалансированной конфигурацией. Легкий, компактный и стильный, он отлично впишется в твою динамичную жизнь. Его возможностей, среди которых выделяется инновационный тачпад NumberPad, с лихвой хватит для повседневных задач и офисных приложений.', 370, 0, 2, '0.0'),
(64, '24\" (60 см) Телевизор LED DEXP H24F7000E черный', 17999, 'Телевизор LED DEXP H24F7000E отличается столь компактными размерами, что место для него найдется даже на самой маленькой кухне. Благодаря VESA-креплению разместить его получится даже на стене, чтобы освободить на горизонтальных поверхностях место для других вещей. <br> Диагональ экрана телевизора LED DEXP H24F7000E составляет 60 см. Direct-LED-подсветка дополняет четкое и детализированное изображение с разрешением 1366x768 пикселей. Представленная модель воспроизводит все типов файлов с накопителей USB и транслирует цифровое телевидение за счет тюнеров DVB-S2, DVB-S, DVB-C, DVB-T2, DVB-T. Технология Dolby Digital обеспечивает объемное звуковое сопровождение мощностью до 5 Вт.', 427, 0, 3, '0.0'),
(65, '24\" (60 см) Телевизор LED DEXP H24H7000E черный', 17999, 'Телевизор LED DEXP H24H7000E - это качественный и надежный представитель цифровой техники, имеющий самый передовой функционал. Модель с 24-дюймовым (60 см) экраном порадует вас хорошей детализацией изображения, демонстрируемого в разрешении 1366x768 пикселей (формат HD). Подсветка Direct LED обеспечивает оптимальный охват цветов и наилучшую цветопередачу.', 240, 0, 3, '0.0'),
(66, '24\" (60 см) Телевизор LED DEXP H24H7001E черный', 17999, 'Телевизор LED DEXP H24H7001E - это качественный и надежный представитель цифровой техники, имеющий самый передовой функционал. Модель с 24-дюймовым (60 см) экраном порадует вас впечатляющей детализацией изображения, демонстрируемого в разрешении 1366x768 пикселей (формат HD). Подсветка Direct LED обеспечивает оптимальный охват цветов и наилучшую цветопередачу. Комфортному просмотру видеоряда с любой точки по отношению к экрану способствуют хорошие углы обзора 170°.', 105, 0, 3, '0.0'),
(67, '32\" (81 см) Телевизор LED DEXP H32F7100C черный', 17999, 'Телевизор LED DEXP H32F7100C с Direct-LED-экраном диагональю 81 см в своем компактном корпусе объединил самое необходимое. Тюнеры DVB-S2, DVB-S, DVB-C, DVB-T2, DVB-T отвечают за возможность цифрового вещания, а USB-разъем позволяет подключать к устройству флеш-накопители. Хотите посмотреть видео из отпуска на большом экране? Нет проблем, присоединяйте USB-накопитель, и вперед! Происходящее на экране будет сопровождаться не менее качественным объемным звучанием, реализованным за счет технологии Dolby Digital Plus. В конструкции телевизора LED DEXP H32F7100C имеются и встроенная подставка, и VESA-крепление для настенной фиксации.', 402, 0, 3, '0.0'),
(68, '24\" (60 см) Телевизор LED Olto 24T20H черный', 17999, 'LED-телевизор Olto 24T20H с диагональю 23,6 дюйма – отличный вариант для кухни. Экран с разрешением HD-Ready 1366x768 пикселей отображает чёткое и насыщенное изображение. Широкие углы обзора позволят устроиться с удобством - будет из любой точки помещения.', 186, 0, 3, '0.0'),
(69, '24\" (60 см) Телевизор LED DEXP H24G8100C черный', 17999, 'Телевизор DEXP H24G8100C - это качественный и надежный представитель цифровой техники, имеющий самый передовой функционал. Модель с 24-дюймовым (60 см) экраном порадует вас впечатляющей детализацией изображения, демонстрируемого в разрешении 1366x768 пикселей (формат HD). Подсветка Direct LED обеспечивает оптимальный охват цветов и наилучшую цветопередачу. Комфортному просмотру видеоряда с любой точки по отношению к экрану способствуют хорошие углы обзора 178° / 178°. <br> Телевизор DEXP H24G8100C поддерживает прием сигнала в соответствии с требованиями стандартов DVB-S2, DVB-C, DVB-T2 и DVB-T. За качественное звуковое сопровождение при просмотре видео отвечает акустическая система с выходной мощностью звука 2 Вт и поддержкой технологии звука Dolby Digital. Устройство поддерживает воспроизведение контента, записанного на внешние накопители данных.', 291, 0, 3, '0.0'),
(70, '24\" (60 см) Телевизор LED Econ EX-24HT008B черный', 17999, 'Телевизор ECON оснащен экраном с диагональю 24 дюйма. Модель ECON EX-24HT008B обладает экраном с разрешением 1366x768 (HD). Оснащен системой шумоподавления и функцией усиления слабого сигнала.', 163, 0, 3, '0.0'),
(71, '24\" (60 см) Телевизор LED Asano 24LH1110T черный', 17999, 'Телевизор LED Asano 24LH1110T оснащен 24-дюймовым экраном с подсветкой DirectLED и HD-разрешением 1366x768 dpi. Оборудование представлено в классическом черном корпусе с центральной настольной подставкой. Настенный монтаж осуществляется с помощью крепления VESA 100x100. Прибор поставляется вместе с подставкой, пультом ДУ и батарейками. <br> Модель LED Asano 24LH1110T дополнена системами родительского контроля и гостиничного режима, функциями телетекста, видеозаписи, TimeShift. Оборудование оснащено коаксиальным и стандартным выходом для наушников, шестью входами аудио/видео и HDMI-портом, а также USB-разъемом для воспроизведения мультимедиа с внешних носителей. Предусматривается наличие трех цифровых тюнеров и динамиков на 6 Вт с технологией объемного звучания.', 203, 0, 3, '0.0'),
(72, '24\" (60 см) Телевизор LED Econ EX-24HT009B черный', 17999, 'LED телевизор с диагональю экрана 24\". Оснащен системой шумоподавления и функцией усиления слабого сигнала.', 387, 0, 3, '0.0'),
(73, '24\" (60 см) Телевизор LED Prestigio PTV24SN04Z черный', 17999, 'Телевизор LED Prestigio PTV24SN04Z выполнен в черном корпусе и обладает диагональю 24\" (60 см). Устанавливается модель на подставку, элементы которой расположены по бокам. Это аппарат, который отличается наилучшим качеством картинки, отображаемой на экране, что поможет пользователю получить полное наслаждение от просмотра передачи или любимого фильма. Этому способствует разрешение 1366x768, соответствующее формату HD, а также высокий контраст и яркость матрицы. <br> Prestigio PTV24SN04Z обладает объемным и чистым звуком, обеспечиваемым динамиками мощностью 6 Вт и технологией Box Speaker, которая позволяет достичь живой звуковой сцены с чистым и глубоким звучанием. Особенность телевизора в наличии цифровых тюнеров DVB-T, DVB-T2, DVB-S, DVB-C, благодаря чему вам не потребуется приобретение отдельного устройства. Для начала просмотра достаточно включить поиск. Конструкция аппарата предусматривает разъемы VGA (D-Sub), HDMI, а также USB, позволяя подключать к нему разнообразную технику и аксессуары.', 171, 0, 3, '0.0'),
(74, '32\" (81 см) Телевизор LED DEXP H32H7001C черный', 17999, 'Телевизор LED DEXP H32H7001C стал обладателем тонкого изящного корпуса, диагонали экрана в 32 дюйма и разрешением 1366x768. Подсветка Direct LED делает изображение более ярким и контрастным. 178° / 178° - таковы углы обзора этого устройства, так что с разных положений в помещении вы будете видеть картинку без искажений. Оцените все преимущества телевидения с цифровыми тюнерами и эффект погружения в мир звуков с объемным звучанием мощность в 10 Вт.', 297, 0, 3, '0.0'),
(75, '24\" (60 см) Телевизор LED Vekta LD-24TR4011BT черный', 17999, 'LED-телевизор LD-24TR4011BT – представитель линейки телевизоров Vekta. <br> Больше яркости и контрастности в формате HD Ready (1366x768) для передачи насыщенного изображения. <br> Встроенные тюнеры DVB-T/T2 и DVB-C для просмотра цифровых и кабельных каналов. <br> Наличие цифрового интерфейса HDMI позволит подключить 1 устройство. <br> Для воспроизведения аудиофайлов, фотографий или просмотра видео в формате HD Ready со съемных носителей предусмотрен порт USB (2.0). <br> Записать теле-передачи или видеофильмы поможет функция PVR, для записи используйте USB-совместимые накопители емкостью до 1 Tb. <br> Насладиться просмотром кинофильма поможет мощное и чистое звучание двух динамиков по 5 Вт.', 374, 0, 3, '0.0'),
(76, '24\" (60 см) Телевизор LED DEXP H24F7000C/W белый', 17999, '24-дюймовый телевизор LED DEXP H24F7000C/W обеспечивает высокий уровень качества изображения при просмотре видео и телевизионного сигнала. Разрешение модели (1366x768) соответствует формату HD. В устройстве реализована подсветка Direct LED, обеспечивающая высокую степень равномерности освещенности экрана. <br> Телевизор DEXP H24F7000C/W поддерживает просмотр каналов цифрового спутникового, кабельного и эфирного ТВ. Воспроизведение с внешних носителей осуществляется через USB-порт, соответствующий стандарту 2.0. <br> Цвет телевизора – белый. Модель будет отлично смотреться в помещении, интерьер которого оформлен в светлых тонах. Есть возможность настенного монтажа. Поддерживаемый стандарт VESA – 200x100. В комплект поставки телевизора входят батарейки, документация, настольная подставка и пульт. Размеры телеприемника без подставки – 550x330x70 мм.', 298, 0, 3, '0.0'),
(77, '24\" (61 см) Телевизор LED Candy Uno 24 черный', 17999, 'Телевизор LED Candy Uno 24 с экраном диагональю 24 дюйма (61 см) и разрешением 1366х768 точек. Объемное звучание мощностью до 6 Вт.', 214, 0, 3, '0.0'),
(78, '24\" (60 см) Телевизор LED DEXP H24F7100C черный', 17999, 'Телевизор LED DEXP H24F7100C обладает компактными размерами и экраном с диагональю 60 см. Это делает его подходящим для использования в небольшом помещении, таком, как кухня, спальня, кабинет или детская. Разрешение экрана модели составляет 1366x768 пикс. Изображение сопровождается 5-ваттным объемным звучанием Dolby Digital Plus. Разместить телевизор LED DEXP H24F7100C можно как на горизонтальной поверхности, так и на стене. Для этого в его конструкции есть все необходимое. Кроме стандартного цифрового вещания, устройство «умеет» читать файлы с USB-накопителей.', 321, 0, 3, '0.0'),
(79, '24\" (60 см) Телевизор LED Telefunken TF-LED24S19T2 черный', 17999, 'Телевизор Telefunken оснащен экраном с диагональю 60 см, светодиодной подсветкой (LED). Модель Telefunken LED24S19T2 обладает приемом сигнала: DVB-T2/T/C разрешением 1366 x 768, воспроизведением аудио-, фото- и видеофайлов через USB, прогрессивной разверткой.', 204, 0, 3, '0.0'),
(80, '24\" (60 см) Телевизор LED Telefunken TF-LED24S86T2 черный', 17999, 'Телевизор Telefunken оснащен экраном с диагональю 60 см. Модель Telefunken TF-LED24S86T2 обладает экраном с разрешением 1366 x 768 (HD), функцией Time Shift.', 328, 0, 3, '0.0'),
(81, '24\" (61 см) Телевизор LED Hyundai H-LED24FT2001 черный', 17999, 'Телевизор Hyundai оснащен экраном с диагональю 61 см. Модель Hyundai H-LED24FT2001 обладает экраном с разрешением 1366x768 (HD), таймером сна, системой шумоподавления, функцией Time Shift.', 442, 0, 3, '0.0'),
(82, '32\" (81 см) Телевизор LED DEXP H32G8000C/G серый', 17999, 'Телевизор DEXP H32G8000C/G - это качественный и надежный представитель цифровой техники, имеющий самый передовой функционал. Модель с 32-дюймовым (81 см) экраном порадует вас впечатляющей детализацией изображения, демонстрируемого в разрешении 1366x768 пикселей (формат HD). Подсветка Direct LED обеспечивает оптимальный охват цветов и наилучшую цветопередачу. Комфортному просмотру видеоряда с любой точки по отношению к экрану способствуют хорошие углы обзора 178° / 178°. <br> Телевизор DEXP H32G8000C/G поддерживает прием сигнала в соответствии с требованиями стандартов DVB-S2, DVB-C, DVB-T2 и DVB-T. За качественное звуковое сопровождение при просмотре видео отвечает акустическая система с поддержкой технологий звука Dolby Digital и Surround Sound. Устройство поддерживает воспроизведение контента, записанного на внешние накопители данных.', 100, 0, 3, '0.0'),
(83, '32\" (81 см) Телевизор LED Harper 32R720T черный', 17999, '32-дюймовый телевизор LED Harper 32R720T станет отличным выбором для пользователей, которые привыкли использовать «традиционное» телевидение. Модель располагает полным набором цифровых тюнеров. Разрешение экрана (1366x768) соответствует формату HD. Тип подсветки – Direct LED. Данная подсветка отличается значительной равномерностью. Заслуживают внимания и углы обзора, равные 178° по горизонтали и по вертикали. <br> Телевизор Harper 32R720T обладает высококачественной 12-ваттной акустической системой с поддержкой Dolby Audio. Поддерживаются функции отложенного просмотра и записи видео. Вы также сможете использовать список любимых каналов, субтитры, таймер сна, телегид и эквалайзер. <br> Цвет телевизора (черный) можно назвать классическим. Модель совместима с креплением VESA 100x100. Используя кронштейн соответствующего типа, вы сможете быстро выполнить настенный монтаж телевизора. В комплектации телеприемника – батарейки, винты, документация, настольная подставка и пульт дистанционного управления.', 168, 0, 3, '0.0'),
(84, '24\" (60 см) Телевизор LED Telefunken TF-LED24S85T2 черный', 17999, 'Телевизор Telefunken оснащен экраном с диагональю 60 см. Модель Telefunken TF-LED24S85T2 обладает экраном с разрешением 1366 x 768 (HD), функцией Time Shift.', 395, 0, 3, '0.0'),
(85, '24\" (60 см) Телевизор LED Telefunken TF-LED24S89T2 черный', 17999, 'Телевизор Telefunken оснащен экраном с диагональю 60 см. Модель Telefunken TF-LED24S89T2 обладает экраном с разрешением 1366x768 (HD), одним портом HDMI, одним USB, таймером сна, цифровым гребенчатым фильтром.', 160, 0, 3, '0.0'),
(86, '32\" (81 см) Телевизор LED Erisson 32LES90T2 черный', 17999, 'Телевизор Erisson оснащен экраном с диагональю 81 см. Модель Erisson 32LES90T2 обладает экраном с разрешением 1366x768 (HD), поддержкой субтитров, электронным телегидом, входом спутниковой антенны, гостиничным режимом.', 252, 0, 3, '0.0'),
(87, '32\" (81 см) Телевизор LED Erisson 32LEA70T2 черный', 17999, 'LED-телевизор Erisson 32LEA70T2 имеет разрешение 1366x768. Встроенные тюнеры DVB-C, DVB-T2 необходимы для приема сигналов каналов цифрового эфирного и кабельного телевидения.', 434, 0, 3, '0.0'),
(88, '24\" (60 см) Телевизор LED Asano 24LF1210T черный', 17999, 'Телевизор LED Asano 24LF1210T оснащен 24-дюймовым экраном (размер диагонали в сантиметрах – 60). Модель подойдет для оснащения комнат средних размеров. Разрешение экрана телевизора (1920x1080) соответствует формату FullHD. Стоит отметить и широкие углы обзора – 178° по горизонтали и вертикали. Просмотр почти из любой точки помещения будет комфортным. Особенно это важно при установке телевизора на кухне.', 326, 0, 3, '0.0'),
(89, '5\" Смартфон DEXP G450 One 16 ГБ красный', 17999, 'Смартфон DEXP G450 One - оптимальный вариант для непритязательных пользователей. Это устройство готово обеспечить своего владельца возможностью совершать звонки в любых условиях независимо от того, насколько близко он находится к ближайшему населенному пункту, благодаря поддержке сетей 2G и 3G. Модель имеет элегантную расцветку пластикового корпуса.', 168, 0, 4, '0.0'),
(90, '5\" Смартфон DEXP G450 One 16 ГБ синий', 17999, 'Смартфон DEXP G450 One - оптимальный вариант для непритязательных пользователей. Это устройство готово обеспечить своего владельца возможностью совершать звонки в любых условиях независимо от того, насколько близко он находится к ближайшему населенному пункту, благодаря поддержке сетей 2G и 3G. Модель имеет элегантную расцветку пластикового корпуса.', 275, 0, 4, '0.0'),
(91, '5\" Смартфон DEXP G450 One 8 ГБ синий', 17999, 'Смартфон DEXP G450 One - оптимальный вариант для непритязательных пользователей. Это устройство готово обеспечить своего владельца возможностью совершать звонки в любых условиях независимо от того, насколько близко он находится к ближайшему населенному пункту, благодаря поддержке сетей 2G и 3G. Модель имеет элегантную синюю расцветку пластикового корпуса. Разграничить личную жизнь и рабочие вопросы поможет возможность использования в этом мобильном аппарате двух SIM-карт одновременно. <br> На передней панели смартфона DEXP G450 One расположился 5-дюймовый экран с разрешением 854x480 пикселей. Функционирующая на базе операционной системы Android 11 Go техника оснащена 4-ядерным процессором MediaTek MT6580M и 1 ГБ оперативной памяти. Для карты памяти формата microSD предусмотрен отдельный слот, поэтому вам не придется делать выбор между установкой в этот смартфон второй SIM-карты или внешнего накопителя данных - используйте их одновременно. За долгую автономную работу мобильного аппарата отвечает литий-ионный аккумулятор с емкостью 2000 мА*ч.', 150, 0, 4, '0.0'),
(92, '5\" Смартфон INOI 2 2021 8 ГБ синий', 17999, 'Смартфон INOI 2 2021 со своим стилем: классический корпус, выполненный из прорезиненного поликарбоната — хорошо выглядит и долго служит, а так же прекрасно лежит в руке. Просто взгляните на экран смартфона, и функция распознавания лица обеспечит быстрый и удобный доступ к устройству. INOI 2 2021 поддерживает Bluetooth версии 4.0. <br> С помощью приложения «Усилитель звука» звука можно усилить нужные звуки, отфильтровать фоновый шум и отрегулировать настройки для максимально комфортного звучания. Подключите к устройству наушники, чтобы не пропустить ни слова, когда общаетесь с близкими друзьями, смотрите телевизор или слушаете лекцию. INOI 2 2021 поддерживает кодек Hi-Res аудио для прослушивания музыки в невероятно высоком качестве через беспроводные наушники. INOI 2 2021 оснащен улучшенным A-GPS модулем для более быстрого и точного определения местоположения, поэтому вы сможете легко пользоваться навигацией. А с функцией Find My Phone удаленно посмотреть местоположение телефона в случае утери или кражи.', 446, 0, 4, '0.0'),
(93, '5\" Смартфон INOI 2 2021 8 ГБ черный', 17999, 'Смартфон INOI 2 2021 обладает всеми необходимыми качествами для мобильного общения, интернет-серфинга и повседневных мультимедийных развлечений. Весьма высокая производительность аппаратной платформы достигается благодаря процессору Spreadtrum SC9832E и 1 ГБ памяти ОЗУ. На экране 5 дюйма с разрешением 854x480 пикселей отображается детализированная картинка. <br> Смартфон INOI 2 2021 выполнен в пластиковом корпусе черного цвета с приятным прорезиненным покрытием. В оснащение данной модели входят тыловая камера на 5 Мп и фронтальная камера 2 Мп. Из особенностей отмечаются востребованные проводные и беспроводные интерфейсы, сканер распознавания лица, съемный аккумулятор с энергоемкостью 2500 мА*ч.', 114, 0, 4, '0.0'),
(94, '5\" Смартфон INOI A22 Lite 16 ГБ черный', 17999, 'Красивый и изящный смартфон INOI A22 Lite, который будет радовать тебя каждый день. Классический корпус выполненный из прорезиненного поликарбоната хорошо выглядит и долго служит, а так же прекрасно лежит в руке. Почувствуй повышенную скорость работы INOI A22 Lite вместе с оптимизированной Android 11 Go, которая запускается на 15% быстрее и экономит драгоценную память. И, конечно, все смартфоны INOI сертифицированы Google и поддерживают твои любимые Google приложения. INOI A22 Lite оснащен улучшенным A-GPS модулем для более быстрого и точного определения местоположения, поэтому ты сможешь легко пользоваться навигацией. А с функцией Find My Phone удаленно посмотреть местоположение телефона в случае утери или кражи.', 401, 0, 4, '0.0'),
(95, '5\" Смартфон DEXP A350 MIX 32 ГБ розовый', 17999, 'Смартфон DEXP A350 MIX работает на базе Android и позволяет воспользоваться большим количеством игр и приложений. Объем памяти рассчитан на 32 ГБ, чего достаточно для повседневного использования. Бесперебойную работу обеспечивает 4-ядерный процессор с тактовой частотой 1.3 ГГц. Сенсорный экран моментально реагирует на команды. Модель работает в сетях 2G и 3G и обеспечивает постоянную связь независимо от близости к источнику сигнала. <br> Смартфон DEXP A350 MIX имеет 5-дюймовый экран разрешением 960x480 пикселей. Возможна установка внешнего накопителя через слот для карт формата microSD. Аккумулятор емкостью 2500 мА*ч обеспечивает многочасовую работу без подзарядки. Корпус розового цвета изготовлен из прочного пластика, надолго сохраняющего первоначальный вид.', 265, 0, 4, '0.0'),
(96, '6.09\" Смартфон OSCAL C20 32 ГБ зеленый', 17999, 'OSCAL C20 отличается дизайном основной камеры в стиле iPhone 12 Pro. Задняя часть имеет матовое покрытие, за счёт которого смартфон приятно держать в руке. <br> Смартфон получил 6,088-дюймовую панель формата HD+ с небольшим каплевидным вырезом под 2-мегапиксельную фронтальную камеру. Экран занимает примерно 85% лицевой стороны устройства. Аккумулятор ёмкость 3380 мА*ч обеспечивает до 16 дней работы в режиме ожидания. В основу OSCAL C20 положен мобильный процессор Unisoc SC7731E. Однокристальная система имеет четыре ядра. <br> Чипсет дополняется 1 ГБ оперативной памяти. Этого будет достаточно, поскольку работает смартфон под управлением операционной системы Android 11 Go Edition. Устройство оснащается 32 ГБ встроенной памяти и поддерживает карты максимальным объёмом 128 ГБ (microSD).', 150, 0, 4, '0.0'),
(97, '6.53\" Смартфон DEXP G660 32 ГБ голубой', 17999, 'Смартфон DEXP G660 - оптимальный вариант для непритязательных пользователей. Это устройство готово обеспечить своего владельца возможностью совершать звонки в любых условиях независимо от того, насколько близко он находится к ближайшему населенному пункту, благодаря поддержке сетей 2G и 3G. Модель имеет элегантную синюю расцветку пластикового корпуса. Разграничить личную жизнь и рабочие вопросы поможет возможность использования в этом мобильном аппарате двух SIM-карт одновременно. <br> На передней панели смартфона DEXP G660 расположился 6.53-дюймовый экран с разрешением 1560x720 пикселей. Функционирующая на базе операционной системы Android 11 Go техника оснащена 4-ядерным процессором Spreadtrum SC7731E и 1 ГБ оперативной памяти. Для карты памяти формата microSD предусмотрен отдельный слот, поэтому вам не придется делать выбор между установкой в этот смартфон второй SIM-карты или внешнего накопителя данных - используйте их одновременно. За долгую автономную работу мобильного аппарата отвечает литий-ионный аккумулятор с емкостью 3000 мА*ч.', 133, 0, 4, '0.0');
INSERT INTO `product` (`IdProduct`, `NameProduct`, `PriceProduct`, `DescriptionProduct`, `CountInStock`, `Discount`, `IdCategory`, `Score`) VALUES
(98, '5\" Смартфон BQ 5031G Fun 8 ГБ зеленый', 17999, 'Смартфон BQ 5031G Fun позволяет с удобством общаться, запускать различные приложения, просматривать мультимедийный контент, искать необходимую информацию в сети Интернет. Коммуникационные возможности модели представлены поддержкой двух карт SIM и востребованными беспроводными интерфейсами. Высокая производительность при решении различных задач достигается благодаря 4-ядерному процессору и 1 ГБ оперативной памяти. <br> Сенсорный дисплей 5 дюймов выполнен по технологии IPS и отображает реалистичную картинку, в то же время быстро распознает прикосновения. К особенностям смартфона относятся две камеры с разрешением по 2 Мп. Аккумулятор с энергоемкостью 2000 мА*ч гарантирует продолжительное время автономной работы BQ 5031G Fun.', 374, 0, 4, '0.0'),
(99, '5\" Смартфон BQ 5031G Fun 8 ГБ синий', 17999, 'Смартфон BQ 5031G Fun выполнен в корпусе синего цвета с градиентным эффектом и станет надежным помощником для повседневного использования. В данной модели реализована поддержка двух карт SIM одновременно и дополнительно имеется слот для карты памяти. Высокое быстродействие при решении различных задач достигается благодаря 4-ядерному процессору и 1 ГБ оперативной памяти. <br> Сенсорный дисплей с областью 5 дюймов на основе качественной матрицы IPS отображает реалистичную картинку и быстро распознает прикосновения, позволяя легко управлять интерфейсом. В оснащение данной модели входят две камеры с разрешением по 2 Мп. Востребованные беспроводные интерфейсы позволяют обмениваться файлами, пользоваться навигацией и подключаться к Интернет. Аккумулятор емкостью 2000 мА*ч гарантирует продолжительное время автономной работы BQ 5031G Fun.', 144, 0, 4, '0.0'),
(100, '5.45\" Смартфон INOI A52 Lite 32 ГБ голубой', 17999, 'Смартфон INOI A52 Liteтсоздан с вниманием к деталям. Гладкие плавные линии корпуса позволяют комфортно держать его в руке, а благодаря тонкой рамке дисплея и максимальной площади полезного пространства INOI A52 Lite 32GB выделит тебя из толпы. 1Gb RAM и 4-ядерный чипсет SC7731E с ARM Cortex A7 обеспечивают плавную и комфортную работу интерфейса. Подари себе ощущение погружения в атмосферу фестиваля или живого концерта с 5.5-дюймовым экраном смартфона INOI A52 Lite. Большой и яркий дисплей сделан по стандарту 18:9, что позволит смотреть фильмы и сериалы, наслаждаться любимыми играми и приложениями без остановок. <br> Напряженный рабочий график или активный отдых — в любом из этих случаев. С аккумулятором емкостью 2500 мАч ты можешь играть, обмениваться файлами и переписываться в WhatsApp, слушать музыку, в конце дня у тебя еще останется заряд батареи.', 198, 0, 4, '0.0'),
(101, '5.45\" Смартфон INOI A52 Lite 32 ГБ черный', 17999, 'Смартфон INOI A52 Liteтсоздан с вниманием к деталям. Гладкие плавные линии корпуса позволяют комфортно держать его в руке, а благодаря тонкой рамке дисплея и максимальной площади полезного пространства INOI A52 Lite 32GB выделит тебя из толпы. 1Gb RAM и 4-ядерный чипсет SC7731E с ARM Cortex A7 обеспечивают плавную и комфортную работу интерфейса. Подари себе ощущение погружения в атмосферу фестиваля или живого концерта с 5.5-дюймовым экраном смартфона INOI A52 Lite. Большой и яркий дисплей сделан по стандарту 18:9, что позволит смотреть фильмы и сериалы, наслаждаться любимыми играми и приложениями без остановок. <br> Напряженный рабочий график или активный отдых — в любом из этих случаев. С аккумулятором емкостью 2500 мАч ты можешь играть, обмениваться файлами и переписываться в WhatsApp, слушать музыку, в конце дня у тебя еще останется заряд батареи.', 379, 0, 4, '0.0'),
(102, '5.45\" Смартфон Nokia C01 Plus 16 ГБ синий', 17999, 'Смартфон Nokia C01 Plus – простое и понятное в обращении устройство со встроенной памятью 16 ГБ. Оно станет идеальным выбором в качестве первого мобильного устройства для школьника. Благодаря небольшим размерам смартфон удобно лежит в руке, а его понятный интерфейс способствует удобству применения. IPS-экран модели обладает диагональю 5.45 дюйма и высокодетализированным разрешением 1440x720 пикс. <br> Пластиковый корпус уместил процессор Spreadtrum SC9863A, графический ускоритель PowerVR GE8322 и 1 ГБ оперативной памяти. Пользователя порадует возможность делать фото на 5-мегапиксельную камеру и поддерживать видеосвязь. О сохранности данных в смартфоне Nokia C01 Plus призван заботиться датчик распознавания лица.', 207, 0, 4, '0.0'),
(103, '5.45\" Смартфон Nokia C01 Plus 16 ГБ фиолетовый', 17999, 'Смартфон Nokia C01 Plus в темно-фиолетовом пластиковом корпусе можно назвать лучшим выбором для младшего школьника. Благодаря небольшим размерам (5.45 дюйма в диагонали) устройство удобно лежит в детской ладони. При этом у него есть все необходимое для ребенка – возможность звонить, поддерживать видеосвязь, общаться в мессенджерах, делать фото на 5-мегапиксельные камеры и, конечно, смотреть забавные видео. <br> IPS-экран транслирует изображение с разрешением до 1440x720 пикс. Для хранения самых необходимых пользователю приложений у смартфона Nokia C01 Plus есть 16 ГБ встроенной памяти. При желании увеличить этот параметр можно за счет флеш-накопителя (microSD, microSDHC, microSDXC), для которого имеется специальный разъем. Долговечный корпус модели рассчитан на длительное использование.', 192, 0, 4, '0.0'),
(104, '5.5\" Смартфон Black Fox B2 8 ГБ синий', 17999, 'Смартфон Black Fox B2 - оптимальный вариант для непритязательных пользователей. Это устройство готово обеспечить своего владельца возможностью совершать звонки в любых условиях независимо от того, насколько близко он находится к ближайшему населенному пункту, благодаря поддержке сетей 2G и 3G. Разграничить личную жизнь и рабочие вопросы поможет возможность использования в этом мобильном аппарате двух SIM-карт одновременно. <br> На передней панели смартфона расположился 5.5-дюймовый экран с разрешением 1440x720 пикселей. Функционирующая на базе операционной системы Android 11 Go техника оснащена 4-ядерным процессором Spreadtrum SC7731E и 1 ГБ оперативной памяти. Для карты памяти формата microSD предусмотрен отдельный слот, поэтому вам не придется делать выбор между установкой в этот смартфон второй SIM-карты или внешнего накопителя данных - используйте их одновременно. За долгую автономную работу мобильного аппарата отвечает аккумулятор с емкостью 2200 мА*ч.', 248, 0, 4, '0.0'),
(105, '21.5\" Монитор Acer EK220QAbi черный', 17999, 'Монитор Acer 21.5\" EK220QAbi позволит вам насладиться качественной картинкой. С VA-дисплеем Full HD 1920 x 1080, широким углом обзора 178 ° и эргономичной подставкой вы сможете с комфортом просматривать изображения и видео с потрясающей детализацией.', 326, 0, 1, '0.0'),
(106, '19.5\" Монитор Acer K202HQLAb черный', 17999, 'Монитор Acer K202HQLAb [UM.IX3EE.A01] с диагональю 19.5\" и разрешением 1366х768 пикселей имеет средние размеры, он привлекает своей компактностью и качественным изготовлением, приятным и простым дизайном. Вы сможете управлять некоторыми функциями экрана монитора непосредственно при помощи клавиш, расположенных ниже экрана на передней панели. Для подключения к компьютеру или другой оргтехнике, нуждающейся в мониторе, в нем используется распространенный интерфейс VGA (D-Sub). <br> Монитор Acer K202HQLAb [UM.IX3EE.A01]в привлекательном пластиковом черном корпусе может применяться вместе с компьютером, укомплектованным для работы или видеоигр, отлично проявит себя он и в качестве небольшого монитора для универсального домашнего компьютера, решающего широкий круг задач. Вместе с этим имеющим только самые необходимые элементы монитором Вы приобретаете такие необходимые для его подключения комплектующие, как кабель VGA и сетевой шнур, идущий от монитора к розетке 220 В.', 454, 0, 1, '0.0'),
(107, '23.8\" Монитор MSI Pro MP241X черный', 17999, 'Монитор MSI Pro MP241X станет отличным выбором для пользователей, в первую очередь использующих компьютер для работы. 23.8-дюймовый экран, имеющий разрешение 1920x1080, удобен для просмотра текста. Формат изображения (16:9) оптимален для просмотра большинства фильмов и интернет-видео. Матрица изготовлена по технологии VA, главными особенностями которой являются высокая точность отображения цветов и широкие углы обзора. Дополнительную комфортность обеспечивает матовое покрытие экрана, помогающее устранить зеркальный эффект и блики от освещения любой природы. <br> Монитор MSI Pro MP241X можно подключать с использованием двух видеоинтерфейсов – HDMI и VGA (D-sub). Предусмотрена возможность использования Кенсингтонского замка. Настенный монтаж осуществляется с помощью крепления VESA 75x75. Обладающая противоскользящими ножками настольная подставка обеспечивает устойчивость монитора на любой ровной поверхности. Возможность регулировки высоты экрана не реализована: изменять можно только наклон. Особенностью монитора является трехсторонний безрамочный дизайн.', 397, 0, 1, '0.0'),
(108, '23.8\" Монитор Acer SA241YAbi черный', 17999, 'Серия Acer SA1 — лучшее решение для ваших повседневных задач. Больше никаких огромных размеров: ультратонкий дизайн ZeroFrame и превосходное качество с технологией защиты зрения. Экологично, эффективно и с заботой о природе.', 479, 0, 1, '0.0'),
(109, '21.5\" Монитор Acer K222HQLb черный', 17999, '21.5\" Монитор Acer K222HQLb помещен в классический и лаконичный корпус, поэтому подойдет для использования в офисе или вместе с домашним ПК. Особенность модели в равномерной яркости (200 Кд/м²) и высокой контрастности (1000:1) изображения благодаря применению LED-подсветки. Экран значительно меньше мерцает, и нагрузка на глаза снижается даже при долгой непрерывной работе. Используется технология защиты зрения. Кроме того, светодиоды потребляют минимум электроэнергии, что делает устройство экономичным и экологичным. <br> Широкоформатный экран с разрешением 1920x1080 просматривается под углами 90°/65° и способен передавать видео в Full HD-качестве. Матрица TN+film воспроизводит живую картинку видеороликов и игр с глубоким черным цветом. Отклик пикселей длиной в 5 мс обеспечивает быструю реакцию и точность. <br> Acer K222HQLb имеет возможность крепления на стену для экономии места на рабочем столе. Монитор подключается к компьютеру посредством разъема VGA (D-sub).', 470, 0, 1, '0.0'),
(110, '21.5\" Монитор AOC E2270SWDN черный', 17999, 'AOC E2270SWDN – классический монитор, выполненный в черном корпусе. Удобная и лаконичная подставка монитора делает его особенно привлекательным для тех пользователей, которые предпочитают окружать себя минималистично сконструированной электроникой. Прибор спроектирован популярной компанией AOC, которая далеко не первый год осуществляет создание высокотехнологичного мультимедийного оборудования. <br> Тщательно продуманная архитектура монитора AOC E2270SWDN предусматривает наличие встроенного блок питания, потребляемая мощность которого в процессе работы составляет 14.8 Вт. 21.5-дюймовая диагональ экрана, оборудованного матовым покрытием, позволит пользователю комфортно работать в течение всего дня. Конструкция дисплея предусматривает наличие LED-подсветки, которая делает его не только долговечным, но и энергоэффективным. В расширенную комплектацию прибора помимо самого монитора включены кабели DVI, VGA, а также кабель питания. Допустимо настенное крепление монитора.', 311, 0, 1, '0.0'),
(111, '21.5\" Монитор Philips 223V5LSB2 черный', 17999, 'ЖК-монитор Philips 223V5LSB2 с диагональю 21.5\" облачен в стильный черный корпус, что делает его идеальным решением для обустройства рабочего офиса. Система SmartContrast обеспечивает высокую производительность LCD-матрицы, которая избавляет картинку от всевозможных шлейфов при воспроизведении ее в статическом и динамическом режиме. Модель очень легкая, поскольку ее вес с подставкой составляет всего 2.61 килограмма. За счет этого каждый пользователь сможет очень просто настроить угол и поворот экрана индивидуально под себя. <br> Яркая LED-подсветка отвечает не только за избавление от солнечных бликов, но также помогает более насыщенно передавать всю палитру, состоящую из 16.7 миллионов цветов. Помимо подставки, для крепления Philips 223V5LSB2 можно использовать VESA-кронштейн, который докупается в отдельном порядке. Сетевой кабель идет в комплекте с монитором.', 189, 0, 1, '0.0'),
(112, '23.8\" Монитор ASUS VA247HE черный', 17999, 'ASUS VA247HE – это монитор с диагональю 23,8 дюймов и разрешением Full-HD (1920x1080). Его VA-панель обеспечивает широкие углы обзора (178°), а поддержка адаптивной синхронизации Adaptive-Sync при частоте обновления экрана до 75 Гц повышает качество изображения при показе динамичных сцен в фильмах и играх. Данная модель также обладает прекрасной эргономикой, поскольку в ней реализованы технологии фильтрации синего света и минимизации мерцания. Безрамочная конструкция корпуса делает данную модель идеальным решением для мультимониторных конфигураций.', 374, 0, 1, '0.0'),
(113, '23.8\" Монитор Philips 243V7QDSB/00 черный', 17999, '23.8\" Монитор Philips 243V7QDSB/00 имеет экран на основе матрицы IPS, которая обеспечивает ему комфортные углы обзора - 178 градусов как по вертикали, так и по горизонтали. Эта модель с 23.8-дюймовой диагональю обеспечивает разрешение изображения Full HD (1920x1080 пикс.) и частоту обновления экрана 60 Гц. Ультратонкая рамка вокруг дисплея позволит включать использовать данный монитор вместе с другими устройствами в многоэкранном режиме. <br> Монитор Philips 243V7QDSB/00 с тонким черным корпусом отличается малым временем отклика пикселя (4 мс) и подходит для эксплуатации с мощными игровыми ПК или консолями. Он комплектуется настольной подставкой с возможностью регулировки угла наклона устройства и имеет крепление стандарта VESA размерности 100x100 мм для установки на стенной кронштейн. Для взаимодействия с ПК или игровыми приставками монитор может предложить порты-видеовходы HDMI, VGA (D-Sub), DVI-D.', 211, 0, 1, '0.0'),
(114, '23.8\" Монитор MSI Pro MP242V черный', 17999, 'Монитор MSI Pro MP242V станет отличным выбором для пользователей, в первую очередь использующих компьютер для работы. 23.8-дюймовый экран, имеющий разрешение 1920x1080, удобен для просмотра текста. Формат изображения (16:9) оптимален для просмотра большинства фильмов и интернет-видео. Матрица изготовлена по технологии IPS, главными особенностями которой являются высокая точность отображения цветов и широкие углы обзора. Дополнительную комфортность обеспечивает матовое покрытие экрана, помогающее устранить зеркальный эффект и блики от освещения любой природы. <br> Монитор MSI Pro MP242V] можно подключать с использованием двух видеоинтерфейсов – HDMI и VGA (D-sub). Предусмотрена возможность использования Кенсингтонского замка. Настенный монтаж осуществляется с помощью крепления VESA 100x100. Обладающая противоскользящими ножками настольная подставка обеспечивает устойчивость монитора на любой ровной поверхности. Возможность регулировки высоты экрана не реализована: изменять можно только наклон. Особенностью монитора является трехсторонний безрамочный дизайн.', 349, 0, 1, '0.0'),
(115, '23.8\" Монитор AOC 24B2XH черный', 17999, '23.8-дюймовый монитор AOC 24B2XH базируется на эргономичной подставке. Перед вами – универсальная модель, оснащенная матрицей IPS. Такие экраны безупречны с точки зрения качества цветопередачи. Монитор станет отличным выбором для пользователей домашних или офисных компьютеров. Просмотр видео или фото будет осуществляться с высоким качеством. Подходит монитор и для комфортной работы с документами. Сочетание размера диагонали и разрешения экрана (1920x1080) позволяет без каких-либо неудобств воспринимать даже мелкие шрифты. Матовое покрытие дисплея устраняет зеркальный эффект и минимизирует блики. <br> Монитор AOC 24B2XH совместим с видеоадаптерами, оснащенными разъемами HDMI и VGA (D-sub). Если ваша видеокарта располагает видеовыходом другого типа, то придется воспользоваться переходником. Особенность монитора – наличие выхода для подключения наушников. Интегрированная акустическая система отсутствует. Блок питания имеет внешнее исполнение. Это позволило сделать монитор тоньше. Максимальная потребляемая мощность устройства составляет 19 Вт. Потребляемая мощность в спящем режиме – 0.3 Вт.', 106, 0, 1, '0.0');

-- --------------------------------------------------------

--
-- Структура таблицы `product_properties`
--

CREATE TABLE `product_properties` (
  `IdProductProperties` int NOT NULL,
  `Value` varchar(400) NOT NULL,
  `IdCharacteristic` int NOT NULL,
  `IdProduct` int NOT NULL
) ENGINE=InnoDB DEFAULT CHARSET=utf8mb4 COLLATE=utf8mb4_0900_ai_ci;

--
-- Дамп данных таблицы `product_properties`
--

INSERT INTO `product_properties` (`IdProductProperties`, `Value`, `IdCharacteristic`, `IdProduct`) VALUES
(1, 'https://c.dns-shop.ru/thumb/st4/fit/300/300/5368aa9b938d40af07d118b632082d82/433bc79c3cbcae0cb00f860152d6a181c597884e96f9a3ef48de63cd065f7931.jpg', 3, 20),
(2, '36 мес.', 7, 20),
(3, 'Acer EK240YCbi', 9, 20),
(4, '[UM.QE0EE.C01]', 10, 20),
(5, 'черный', 11, 20),
(6, 'нет', 12, 20),
(7, '23.8\"', 13, 20),
(8, '1920x1080', 14, 20),
(9, 'LED', 15, 20),
(10, 'VA', 16, 20),
(11, '16:9', 17, 20),
(12, 'нет', 18, 20),
(13, 'матовое', 19, 20),
(14, 'есть', 20, 20),
(15, '527 x 296 мм', 21, 20),
(16, '250 Кд/м²', 22, 20),
(17, '5000 : 1', 23, 20),
(18, '100М:1', 24, 20),
(19, '5 мс', 25, 20),
(20, '5 мс', 26, 20),
(21, '178°', 27, 20),
(22, '178°', 28, 20),
(23, '93 ppi', 29, 20),
(24, '75 Гц', 30, 20),
(25, '8bit', 31, 20),
(26, 'HDMI', 32, 20),
(27, 'нет', 33, 20),
(28, 'нет', 34, 20),
(29, 'нет', 35, 20),
(30, 'есть', 36, 20),
(31, 'нет', 37, 20),
(32, 'нет', 38, 20),
(33, 'есть', 39, 20),
(34, '75х75', 40, 20),
(35, 'нет', 41, 20),
(36, 'нет', 42, 20),
(37, 'есть', 43, 20),
(38, 'нет', 44, 20),
(39, 'нет', 45, 20),
(40, 'нет', 46, 20),
(41, 'нет', 47, 20),
(42, 'https://c.dns-shop.ru/thumb/st4/fit/300/300/56cffdeec9d623c3a367a053e3f1a26c/e4f3116b8394d721963772c8b4f4d1690df7b99c6b30105e1bbb5083790002f3.jpg', 3, 21),
(43, '36 мес.', 7, 21),
(44, 'ASUS VY249HE', 9, 21),
(45, '[90LM06A0-B01H70]', 10, 21),
(46, 'черный', 11, 21),
(47, 'нет', 12, 21),
(48, '23.8\"', 13, 21),
(49, '1920x1080', 14, 21),
(50, 'LED', 15, 21),
(51, 'IPS', 16, 21),
(52, '16:9', 17, 21),
(53, 'нет', 18, 21),
(54, 'матовое', 19, 21),
(55, 'есть', 20, 21),
(56, '527.04 x 296.46мм', 21, 21),
(57, '250 Кд/м²', 22, 21),
(58, '1000 : 1', 23, 21),
(59, '1 мс', 48, 21),
(60, '5 мс', 25, 21),
(61, '178°', 27, 21),
(62, '178°', 28, 21),
(63, '93 ppi', 29, 21),
(64, '75 Гц', 30, 21),
(65, '8bit', 31, 21),
(66, 'HDMI', 32, 21),
(67, 'есть', 35, 21),
(68, 'есть', 36, 21),
(69, 'нет', 37, 21),
(70, 'нет', 38, 21),
(71, 'есть', 39, 21),
(72, 'нет', 42, 21),
(73, 'есть', 43, 21),
(74, 'нет', 44, 21),
(75, 'нет', 45, 21),
(76, 'нет', 46, 21),
(77, '16 Вт', 49, 21),
(78, '0.5 Вт', 50, 21),
(79, '0.3 Вт', 51, 21),
(80, '100-240 В / 50-60 Гц', 52, 21),
(81, 'кабель питания, отвертка, кабель VGA', 53, 21),
(82, 'нет', 47, 21),
(83, '541 мм', 54, 21),
(84, '322 мм', 55, 21),
(85, '48 мм', 56, 21),
(86, '2.92 кг', 57, 21),
(87, '541 мм', 58, 21),
(88, '393 мм', 59, 21),
(89, '185 мм', 60, 21),
(90, '3.38 кг', 61, 21),
(91, 'https://c.dns-shop.ru/thumb/st4/fit/300/300/70b0993108b6db98a10e6d8b682c4646/6fbdf68825338ee0b89475a2225aaca70ff44c4363d54f0df0565e408e2af150.jpg', 3, 22),
(92, '12 мес.', 7, 22),
(93, 'HUAWEI MateView SE SSN-24', 9, 22),
(94, '[SSN-CAA]', 10, 22),
(95, 'черный', 11, 22),
(96, 'нет', 12, 22),
(97, '23.8\"', 13, 22),
(98, '1920x1080', 14, 22),
(99, 'LED', 15, 22),
(100, 'IPS', 16, 22),
(101, '16:9', 17, 22),
(102, 'нет', 18, 22),
(103, 'матовое', 19, 22),
(104, 'есть', 20, 22),
(105, '526 x 296 мм', 21, 22),
(106, '250 Кд/м²', 22, 22),
(107, '1000 : 1', 23, 22),
(108, '5 мс', 25, 22),
(109, '178°', 27, 22),
(110, '178°', 28, 22),
(111, 'AMD FreeSync', 62, 22),
(112, '93 ppi', 29, 22),
(113, '75 Гц', 30, 22),
(114, '75 Гц', 63, 22),
(115, '8bit', 31, 22),
(116, 'HDMI', 32, 22),
(117, 'нет', 33, 22),
(118, 'нет', 34, 22),
(119, 'нет', 35, 22),
(120, 'есть', 36, 22),
(121, 'есть', 37, 22),
(122, 'нет', 38, 22),
(123, 'нет', 39, 22),
(124, 'нет', 64, 22),
(125, 'трехсторонний', 65, 22),
(126, 'нет', 40, 22),
(127, 'нет', 41, 22),
(128, 'нет', 42, 22),
(129, 'есть', 43, 22),
(130, 'нет', 44, 22),
(131, 'нет', 45, 22),
(132, 'нет', 46, 22),
(133, 'внешний', 66, 22),
(134, '100-240 В / 50-60 Гц', 52, 22),
(135, 'документация, блок питания, кабель HDMI', 53, 22),
(136, 'нет', 47, 22),
(137, '538.5 мм', 54, 22),
(138, '538.5 мм', 58, 22),
(139, '413 мм', 67, 22),
(140, '413 мм', 59, 22),
(141, '174 мм', 60, 22),
(142, '3.3 кг', 61, 22),
(143, 'https://c.dns-shop.ru/thumb/st4/fit/300/300/7e035dfca3e8b54c975a6f9e220b3e12/cd37cdfa4c5b7563f89519230ae252cdba87a70f39f01efdd47b622e235b2f66.jpg', 3, 23),
(144, '36 мес.', 7, 23),
(145, 'Китай', 68, 23),
(146, 'Philips 241V8L/01', 9, 23),
(147, 'черный', 11, 23),
(148, 'нет', 12, 23),
(149, '23.8\"', 13, 23),
(150, '1920x1080', 14, 23),
(151, 'LED', 15, 23),
(152, 'VA', 16, 23),
(153, '16:9', 17, 23),
(154, 'нет', 18, 23),
(155, 'матовое', 19, 23),
(156, 'нет', 69, 23),
(157, 'есть', 20, 23),
(158, '527 x 296.5 мм', 21, 23),
(159, '250 Кд/м²', 22, 23),
(160, '3000 : 1', 23, 23),
(161, '4 мс', 25, 23),
(162, '4 мс', 26, 23),
(163, '178°', 27, 23),
(164, '178°', 28, 23),
(165, 'Adaptive-Sync', 62, 23),
(166, '93 ppi', 29, 23),
(167, '75 Гц', 30, 23),
(168, '75 Гц', 63, 23),
(169, '8bit', 31, 23),
(170, 'HDMI', 32, 23),
(171, 'нет', 33, 23),
(172, 'нет', 34, 23),
(173, 'есть', 35, 23),
(174, 'есть', 36, 23),
(175, 'нет', 37, 23),
(176, 'нет', 38, 23),
(177, 'есть', 39, 23),
(178, '100x100', 40, 23),
(179, 'нет', 41, 23),
(180, 'нет', 42, 23),
(181, 'есть', 43, 23),
(182, 'нет', 44, 23),
(183, 'нет', 45, 23),
(184, 'нет', 46, 23),
(185, 'встроенный', 66, 23),
(186, '14.4 Вт', 49, 23),
(187, '0.5 Вт', 50, 23),
(188, '0.3 Вт', 51, 23),
(189, '100-240 В / 50-60 Гц', 52, 23),
(190, 'кабель питания, документация, кабель HDMI - HDMI', 53, 23),
(191, 'Kensington Lock', 70, 23),
(192, 'нет', 47, 23),
(193, '540 мм', 54, 23),
(194, '322 мм', 55, 23),
(195, '51 мм', 56, 23),
(196, '2.64 кг', 57, 23),
(197, '540 мм', 58, 23),
(198, '416 мм', 67, 23),
(199, '416 мм', 59, 23),
(200, '220 мм', 60, 23),
(201, '3.03 кг', 61, 23),
(202, 'https://c.dns-shop.ru/thumb/st1/fit/300/300/ae91fe8007d5ad8e58ab70d95544ab3a/a7709e12e50541c6f95cfa9f981f8dcd7f0316bec9a218eb1fc1cef1ecea517a.jpg', 3, 24),
(203, '24 мес.', 71, 24),
(204, 'Китай', 68, 24),
(205, 'Philips 273V7QSB (00/01)', 9, 24),
(206, 'черный', 11, 24),
(207, 'нет', 12, 24),
(208, '27\"', 13, 24),
(209, '1920x1080', 14, 24),
(210, 'LED', 15, 24),
(211, 'IPS', 16, 24),
(212, 'AH-IPS', 72, 24),
(213, '16:9', 17, 24),
(214, 'нет', 18, 24),
(215, 'матовое', 19, 24),
(216, 'нет', 69, 24),
(217, 'есть', 20, 24),
(218, '598 x 336 мм', 21, 24),
(219, '250 Кд/м²', 22, 24),
(220, '1000 : 1', 23, 24),
(221, '10M:1', 24, 24),
(222, '8 мс', 25, 24),
(223, '8 мс', 26, 24),
(224, '178°', 27, 24),
(225, '178°', 28, 24),
(226, 'нет', 62, 24),
(227, '82 ppi', 29, 24),
(228, '60 Гц', 30, 24),
(229, '76 Гц', 63, 24),
(230, '8bit', 31, 24),
(231, 'VGA (D-Sub)', 32, 24),
(232, 'нет', 33, 24),
(233, 'нет', 34, 24),
(234, 'нет', 35, 24),
(235, 'нет', 36, 24),
(236, 'нет', 37, 24),
(237, 'есть', 38, 24),
(238, 'есть', 39, 24),
(239, 'нет', 64, 24),
(240, 'трехсторонний', 65, 24),
(241, '100x100', 40, 24),
(242, 'нет', 41, 24),
(243, 'нет', 42, 24),
(244, 'есть', 43, 24),
(245, 'нет', 44, 24),
(246, 'нет', 45, 24),
(247, 'нет', 46, 24),
(248, 'встроенный', 66, 24),
(249, '15.4 Вт', 49, 24),
(250, '0.5 Вт', 50, 24),
(251, '0.3 Вт', 51, 24),
(252, '100-240 В / 50-60 Гц', 52, 24),
(253, 'кабель VGA (D-Sub), кабель питания, документация', 53, 24),
(254, 'Kensington Lock', 70, 24),
(255, 'нет', 47, 24),
(256, '612 мм', 54, 24),
(257, '367 мм', 55, 24),
(258, '45 мм', 56, 24),
(259, '3.94 кг', 57, 24),
(260, '612 мм', 58, 24),
(261, '453 мм', 67, 24),
(262, '453 мм', 59, 24),
(263, '227 мм', 60, 24),
(264, '4.4 кг', 61, 24),
(265, 'https://c.dns-shop.ru/thumb/st4/fit/300/300/e289f6406b2b9ec50d14fe57ee7d7258/1f17e5e99b1457fce5bc2fe4a046dde9034af4d7e94f42f1a69bcea6316b3471.jpg', 3, 25),
(266, '36 мес.', 71, 25),
(267, 'Китай', 68, 25),
(268, 'Philips 243V7QSB/00', 9, 25),
(269, 'черный', 11, 25),
(270, 'нет', 12, 25),
(271, '23.8\"', 13, 25),
(272, '1920x1080', 14, 25),
(273, 'LED', 15, 25),
(274, 'IPS', 16, 25),
(275, 'AH-IPS', 72, 25),
(276, '16:9', 17, 25),
(277, 'нет', 18, 25),
(278, 'матовое', 19, 25),
(279, 'нет', 69, 25),
(280, 'есть', 20, 25),
(281, '527 x 296 мм', 21, 25),
(282, '250 Кд/м²', 22, 25),
(283, '1000 : 1', 23, 25),
(284, '10M:1', 24, 25),
(285, '4 мс', 25, 25),
(286, '8 мс', 26, 25),
(287, '178°', 27, 25),
(288, '178°', 28, 25),
(289, 'нет', 62, 25),
(290, '93 ppi', 29, 25),
(291, '60 Гц', 30, 25),
(292, '76 Гц', 63, 25),
(293, '8bit', 31, 25),
(294, 'VGA (D-Sub)', 32, 25),
(295, 'нет', 33, 25),
(296, 'нет', 34, 25),
(297, 'нет', 35, 25),
(298, 'нет', 36, 25),
(299, 'нет', 37, 25),
(300, 'есть', 38, 25),
(301, 'есть', 39, 25),
(302, 'трехсторонний', 65, 25),
(303, '100x100', 40, 25),
(304, 'нет', 41, 25),
(305, 'нет', 42, 25),
(306, 'есть', 43, 25),
(307, 'нет', 44, 25),
(308, 'нет', 45, 25),
(309, 'нет', 46, 25),
(310, 'встроенный', 66, 25),
(311, '14.1 Вт', 49, 25),
(312, '0.5 Вт', 50, 25),
(313, '0.3 Вт', 51, 25),
(314, '100-240 В / 50-60 Гц', 52, 25),
(315, 'кабель VGA (D-Sub), диск с ПО, кабель питания, документация', 53, 25),
(316, 'нет', 47, 25),
(317, '540 мм', 54, 25),
(318, '325 мм', 55, 25),
(319, '45 мм', 56, 25),
(320, '3.1 кг', 57, 25),
(321, '540 мм', 58, 25),
(322, '415 мм', 67, 25),
(323, '415 мм', 59, 25),
(324, '209 мм', 60, 25),
(325, '3.5 кг', 61, 25),
(326, 'https://c.dns-shop.ru/thumb/st4/fit/300/300/dbafecf8b50215d6a1e17b9810a02f60/bf1d42e4ae1b7a9fba8b38700c4d10a18c2451a72a46c88f3f13004b9801042d.png', 3, 26),
(327, '36 мес.', 71, 26),
(328, 'Китай', 68, 26),
(329, 'Acer KA220HQ', 9, 26),
(330, '[UM.WX0EE.E01]', 10, 26),
(331, 'черный', 11, 26),
(332, 'нет', 12, 26),
(333, '21.5\"', 13, 26),
(334, '1920x1080', 14, 26),
(335, 'LED', 15, 26),
(336, 'TN', 16, 26),
(337, '16:9', 17, 26),
(338, 'нет', 18, 26),
(339, 'глянцевое', 19, 26),
(340, 'нет', 69, 26),
(341, 'нет', 20, 26),
(342, '475.96 x 267.73 мм', 21, 26),
(343, '250 Кд/м²', 22, 26),
(344, '5 мс', 26, 26),
(345, '160°', 27, 26),
(346, '170°', 28, 26),
(347, 'нет', 62, 26),
(348, '100 ppi', 29, 26),
(349, '60 Гц', 30, 26),
(350, 'VGA (D-Sub)', 32, 26),
(351, 'нет', 33, 26),
(352, 'нет', 34, 26),
(353, 'нет', 35, 26),
(354, 'нет', 36, 26),
(355, 'нет', 37, 26),
(356, 'есть', 38, 26),
(357, 'есть', 39, 26),
(358, 'нет', 64, 26),
(359, 'нет', 65, 26),
(360, '100x100', 40, 26),
(361, 'нет', 41, 26),
(362, 'нет', 42, 26),
(363, 'есть', 43, 26),
(364, 'нет', 44, 26),
(365, 'нет', 45, 26),
(366, 'нет', 46, 26),
(367, '19.7 Вт', 49, 26),
(368, '0.5 Вт', 50, 26),
(369, 'кабель VGA (D-Sub), кабель питания, документация', 53, 26),
(370, 'нет', 47, 26),
(371, '508 мм', 54, 26),
(372, '304.5 мм', 55, 26),
(373, '52 мм', 56, 26),
(374, '508 мм', 58, 26),
(375, '3.25 кг', 61, 26),
(376, 'https://c.dns-shop.ru/thumb/st4/fit/300/300/258f434ab3c28b304211986a719813c1/2eb00b6a71518a494fd635a9d4971ea91d196429670e07139515c7110b34489f.jpg', 3, 27),
(377, '24 мес.', 7, 27),
(378, 'Philips 241E1SC', 9, 27),
(379, 'черный', 11, 27),
(380, 'есть', 12, 27),
(381, '23.6\"', 13, 27),
(382, '1920x1080', 14, 27),
(383, 'LED', 15, 27),
(384, 'VA', 16, 27),
(385, '16:9', 17, 27),
(386, 'нет', 18, 27),
(387, 'матовое', 19, 27),
(388, 'нет', 69, 27),
(389, 'есть', 20, 27),
(390, '521 x 293 мм', 21, 27),
(391, '250 Кд/м²', 22, 27),
(392, '3000 : 1', 23, 27),
(393, 'Mega DCR', 24, 27),
(394, '4 мс', 25, 27),
(395, '178°', 27, 27),
(396, '178°', 28, 27),
(397, 'AMD FreeSync', 62, 27),
(398, '93 ppi', 29, 27),
(399, '75 Гц', 30, 27),
(400, '8bit', 31, 27),
(401, 'HDMI', 32, 27),
(402, 'нет', 33, 27),
(403, 'нет', 34, 27),
(404, 'есть', 36, 27),
(405, 'нет', 37, 27),
(406, 'нет', 38, 27),
(407, 'есть', 39, 27),
(408, 'нет', 64, 27),
(409, 'трехсторонний', 65, 27),
(410, '100x100', 40, 27),
(411, 'нет', 41, 27),
(412, 'нет', 42, 27),
(413, 'есть', 43, 27),
(414, 'нет', 44, 27),
(415, 'нет', 45, 27),
(416, 'нет', 46, 27),
(417, 'встроенный', 66, 27),
(418, '27.9 Вт', 49, 27),
(419, '0.5 Вт', 50, 27),
(420, '0.3 Вт', 51, 27),
(421, '100-240 В / 50-60 Гц', 52, 27),
(422, 'кабель питания, документация, кабель HDMI', 53, 27),
(423, 'нет', 47, 27),
(424, '536 мм', 54, 27),
(425, '322 мм', 55, 27),
(426, '66 мм', 56, 27),
(427, '2.46 кг', 57, 27),
(428, '536 мм', 58, 27),
(429, '413 мм', 67, 27),
(430, '413 мм', 59, 27),
(431, '202 мм', 60, 27),
(432, '3.14 кг', 61, 27),
(433, 'https://c.dns-shop.ru/thumb/st4/fit/300/300/49da3c669a9a08ae2e6f3f12275fbf7e/973457e75bb964f18b100ff6b140ee89ed8b33e9a556c2e2a468523c72b40f41.jpg', 3, 28),
(434, '36 мес.', 71, 28),
(435, 'Китай', 68, 28),
(436, 'AOC 24B2XDAM', 9, 28),
(437, 'черный', 11, 28),
(438, 'нет', 12, 28),
(439, '23.8\"', 13, 28),
(440, '1920x1080', 14, 28),
(441, 'LED', 15, 28),
(442, 'VA', 16, 28),
(443, '16:9', 17, 28),
(444, 'нет', 18, 28),
(445, 'матовое', 19, 28),
(446, 'нет', 69, 28),
(447, 'есть', 20, 28),
(448, '526.88 x 296.37 мм', 21, 28),
(449, '250 Кд/м²', 22, 28),
(450, '3000 : 1', 23, 28),
(451, '20M:1', 24, 28),
(452, '4 мс', 25, 28),
(453, '4 мс', 26, 28),
(454, '178°', 27, 28),
(455, '178°', 28, 28),
(456, '93 ppi', 29, 28),
(457, '75 Гц', 30, 28),
(458, '8bit', 31, 28),
(459, 'HDMI', 32, 28),
(460, 'нет', 33, 28),
(461, 'нет', 34, 28),
(462, 'есть', 35, 28),
(463, 'есть', 36, 28),
(464, 'нет', 37, 28),
(465, 'есть', 38, 28),
(466, 'есть', 39, 28),
(467, 'нет', 64, 28),
(468, 'трехсторонний', 65, 28),
(469, '100x100', 40, 28),
(470, 'нет', 41, 28),
(471, 'нет', 42, 28),
(472, 'есть', 43, 28),
(473, 'нет', 44, 28),
(474, 'есть', 45, 28),
(475, '2 x 2 Вт', 73, 28),
(476, 'нет', 46, 28),
(477, 'внешний', 66, 28),
(478, '0.5 Вт', 50, 28),
(479, 'нет', 51, 28),
(480, '100-240 В / 50-60 Гц', 52, 28),
(481, 'кабель питания, документация, кабель HDMI - HDMI, блок питания', 53, 28),
(482, 'нет', 47, 28),
(483, 'https://c.dns-shop.ru/thumb/st1/fit/500/500/8d0c88939f3ebc51cc4bd5a4acb172cc/28e88776e354caa4222d51d1b744b091375f086eb57a74b69bd85b098c79b68b.jpg', 3, 29),
(484, '36 мес.', 7, 29),
(485, 'Dell E2422H', 9, 29),
(486, '[2422-7661]', 10, 29),
(487, 'черный', 11, 29),
(488, 'нет', 12, 29),
(489, '23.8\"', 13, 29),
(490, '1920x1080', 14, 29),
(491, 'LED', 15, 29),
(492, 'IPS', 16, 29),
(493, '16:9', 17, 29),
(494, 'нет', 18, 29),
(495, 'матовое', 19, 29),
(496, 'нет', 69, 29),
(497, 'есть', 20, 29),
(498, '526.88 × 296.37 мм', 21, 29),
(499, '250 Кд/м²', 22, 29),
(500, '1000 : 1', 23, 29),
(501, '5 мс', 25, 29),
(502, '8 мс', 26, 29),
(503, '178°', 27, 29),
(504, '178°', 28, 29),
(505, 'нет', 62, 29),
(506, '92.5 ppi', 29, 29),
(507, '60 Гц', 30, 29),
(508, '60 Гц', 63, 29),
(509, '8bit', 31, 29),
(510, 'VGA (D-Sub)', 32, 29),
(511, 'нет', 33, 29),
(512, 'нет', 34, 29),
(513, 'нет', 35, 29),
(514, 'нет', 36, 29),
(515, 'есть', 37, 29),
(516, 'нет', 38, 29),
(517, 'есть', 39, 29),
(518, 'нет', 65, 29),
(519, '100x100', 40, 29),
(520, 'нет', 41, 29),
(521, 'нет', 42, 29),
(522, 'есть', 43, 29),
(523, 'нет', 44, 29),
(524, 'нет', 45, 29),
(525, 'нет', 46, 29),
(526, 'кабель DisplayPort, кабель питания', 53, 29),
(527, 'нет', 47, 29),
(528, '533.4 мм', 58, 29),
(529, '406.4 мм', 67, 29),
(530, '406.4 мм', 59, 29),
(531, '152.4 мм', 60, 29),
(532, '5.5 кг', 61, 29),
(533, 'https://c.dns-shop.ru/thumb/st4/fit/500/500/e7cdd48cd119b9b75958d03f1ffa1d55/2c827170c26f6158b3b6f968571e594d3e697a9c0796a2458c956939ef3b1660.jpg', 3, 30),
(534, '24 мес.', 7, 30),
(535, 'Россия', 68, 30),
(536, 'LG 24MP400-B', 9, 30),
(537, '[24MP400-B.ARUB]', 10, 30),
(538, 'черный', 11, 30),
(539, 'нет', 12, 30),
(540, '23.8\"', 13, 30),
(541, '1920x1080', 14, 30),
(542, 'LED', 15, 30),
(543, 'IPS', 16, 30),
(544, '16:9', 17, 30),
(545, 'нет', 18, 30),
(546, 'матовое', 19, 30),
(547, 'нет', 69, 30),
(548, 'есть', 20, 30),
(549, '526 x 296 мм', 21, 30),
(550, '250 Кд/м²', 22, 30),
(551, '1000 : 1', 23, 30),
(552, 'Mega', 24, 30),
(553, '5 мс', 25, 30),
(554, '5 мс', 26, 30),
(555, '178°', 27, 30),
(556, '178°', 28, 30),
(557, 'AMD FreeSync', 62, 30),
(558, '93 ppi', 29, 30),
(559, '75 Гц', 30, 30),
(560, '75 Гц', 63, 30),
(561, '6bit+FRC', 31, 30),
(562, 'HDMI', 32, 30),
(563, 'нет', 33, 30),
(564, 'нет', 34, 30),
(565, 'нет', 35, 30),
(566, 'есть', 36, 30),
(567, 'нет', 37, 30),
(568, 'нет', 38, 30),
(569, 'есть', 39, 30),
(570, 'трехсторонний', 65, 30),
(571, '75х75', 40, 30),
(572, 'нет', 41, 30),
(573, 'нет', 42, 30),
(574, 'есть', 43, 30),
(575, 'нет', 44, 30),
(576, 'нет', 45, 30),
(577, 'нет', 46, 30),
(578, 'внешний', 66, 30),
(579, '19 Вт', 49, 30),
(580, '0.3 Вт', 50, 30),
(581, '0.3 Вт', 51, 30),
(582, '100-240 В / 50-60 Гц', 52, 30),
(583, 'документация, кабель HDMI - HDMI, блок питания', 53, 30),
(584, 'нет', 47, 30),
(585, '540 мм', 54, 30),
(586, '321 мм', 55, 30),
(587, '56 мм', 56, 30),
(588, '2.3 кг', 57, 30),
(589, '540 мм', 58, 30),
(590, '414 мм', 67, 30),
(591, '414 мм', 59, 30),
(592, '190 мм', 60, 30),
(593, '2.6 кг', 61, 30),
(594, 'https://c.dns-shop.ru/thumb/st1/fit/200/200/291b629862eb714193ef821e61377a09/7e0d0b63bb1accc9d1509975b52632f8540ffd51e4f9bb90b7df9cf7b9ae2243.jpg', 3, 31),
(595, '12 мес.', 7, 31),
(596, 'Xiaomi Mi Desktop Monitor 1С', 9, 31),
(597, '[BHR4510GL]', 10, 31),
(598, 'черный', 11, 31),
(599, 'нет', 12, 31),
(600, '23.8\"', 13, 31),
(601, '1920x1080', 14, 31),
(602, 'LED', 15, 31),
(603, 'IPS', 16, 31),
(604, '16:9', 17, 31),
(605, 'нет', 18, 31),
(606, 'матовое', 19, 31),
(607, 'нет', 69, 31),
(608, 'есть', 20, 31),
(609, '526.88 x 296.37 мм', 21, 31),
(610, '250 Кд/м²', 22, 31),
(611, '1000 : 1', 23, 31),
(612, '6 мс', 25, 31),
(613, '6 мс', 26, 31),
(614, '178°', 27, 31),
(615, '178°', 28, 31),
(616, '92 ppi', 29, 31),
(617, '60 Гц', 30, 31),
(618, 'HDMI', 32, 31),
(619, 'нет', 33, 31),
(620, 'нет', 34, 31),
(621, 'нет', 35, 31),
(622, 'есть', 36, 31),
(623, 'нет', 37, 31),
(624, 'нет', 38, 31),
(625, 'есть', 39, 31),
(626, 'трехсторонний', 65, 31),
(627, 'нет', 41, 31),
(628, 'нет', 42, 31),
(629, 'есть', 43, 31),
(630, 'нет', 44, 31),
(631, 'нет', 45, 31),
(632, 'нет', 46, 31),
(633, 'нет', 51, 31),
(634, '100-240 В / 50-60 Гц', 52, 31),
(635, 'кабель питания, документация, кабель HDMI - HDMI', 53, 31),
(636, 'нет', 47, 31),
(637, '539.2 мм', 54, 31),
(638, '539.2 мм', 58, 31),
(639, '419.5 мм', 67, 31),
(640, '419.5 мм', 59, 31),
(641, '181.2 мм', 60, 31),
(642, '2.7 кг', 61, 31),
(643, 'https://c.dns-shop.ru/thumb/st4/fit/500/500/d5e321be1463f254f73eb0d7e11d3d11/e2032b4086a52f6b20c3a4a2521e08620cc1294c75930e01aa6ecd19b06d6b62.jpg', 3, 32),
(644, '36 мес.', 71, 32),
(645, 'Китай', 68, 32),
(646, 'ASUS VA279HAE', 9, 32),
(647, '[90LM04JI-B01370]', 10, 32),
(648, 'черный', 11, 32),
(649, 'нет', 12, 32),
(650, '27\"', 13, 32),
(651, '1920x1080', 14, 32),
(652, 'LED', 15, 32),
(653, 'VA', 16, 32),
(654, '16:9', 17, 32),
(655, 'нет', 18, 32),
(656, 'матовое', 19, 32),
(657, 'нет', 69, 32),
(658, 'есть', 20, 32),
(659, '598 x 336 мм', 21, 32),
(660, '300 Кд/м²', 22, 32),
(661, '3000 : 1', 23, 32),
(662, '100М:1', 24, 32),
(663, '6 мс', 25, 32),
(664, '6 мс', 26, 32),
(665, '178°', 27, 32),
(666, '178°', 28, 32),
(667, '82 ppi', 29, 32),
(668, '75 Гц', 30, 32),
(669, '75 Гц', 63, 32),
(670, '8bit', 31, 32),
(671, 'HDMI', 32, 32),
(672, 'нет', 33, 32),
(673, 'нет', 34, 32),
(674, 'нет', 35, 32),
(675, 'есть', 36, 32),
(676, 'нет', 37, 32),
(677, 'нет', 38, 32),
(678, 'есть', 39, 32),
(679, 'нет', 64, 32),
(680, 'нет', 65, 32),
(681, '100x100', 40, 32),
(682, 'нет', 41, 32),
(683, 'нет', 42, 32),
(684, 'есть', 43, 32),
(685, 'нет', 44, 32),
(686, 'нет', 45, 32),
(687, 'нет', 46, 32),
(688, 'встроенный', 66, 32),
(689, '40 Вт', 49, 32),
(690, '0.5 Вт', 50, 32),
(691, 'нет', 51, 32),
(692, '100-240 В / 50-60 Гц', 52, 32),
(693, 'кабель VGA (D-Sub), кабель питания, документация', 53, 32),
(694, 'нет', 47, 32),
(695, '622.6 мм', 54, 32),
(696, '372.65 мм', 55, 32),
(697, '56.6 мм', 56, 32),
(698, '3.8 кг', 57, 32),
(699, '622.6 мм', 58, 32),
(700, '430.55 мм', 67, 32),
(701, '430.55 мм', 59, 32),
(702, '194.94 мм', 60, 32),
(703, '4.6 кг', 61, 32),
(704, 'https://c.dns-shop.ru/thumb/st1/fit/500/500/deca6d4c4744f9f25627ba8599600264/bc3cb0b252e06a82adb7cfe782f61a997e10fc9a0e79d9b78f342f7e263898e2.jpg', 3, 33),
(705, '36 мес.', 7, 33),
(706, 'Acer CBA272Bbir', 9, 33),
(707, '[UM.HB2EE.B10]', 10, 33),
(708, 'черный', 11, 33),
(709, 'нет', 12, 33),
(710, '27\"', 13, 33),
(711, '1920x1080', 14, 33),
(712, 'LED', 15, 33),
(713, 'VA', 16, 33),
(714, '16:9', 17, 33),
(715, 'нет', 18, 33),
(716, 'матовое', 19, 33),
(717, 'нет', 69, 33),
(718, 'есть', 20, 33),
(719, '597 x 336 мм', 21, 33),
(720, '250 Кд/м²', 22, 33),
(721, '1000 : 1', 23, 33),
(722, '100М:1', 24, 33),
(723, '4 мс', 25, 33),
(724, '1 мс', 26, 33),
(725, '178°', 27, 33),
(726, '178°', 28, 33),
(727, 'AMD FreeSync', 62, 33),
(728, '82 ppi', 29, 33),
(729, '75 Гц', 30, 33),
(730, '75 Гц', 63, 33),
(731, '6bit+FRC', 31, 33),
(732, 'HDMI', 32, 33),
(733, 'нет', 33, 33),
(734, 'нет', 34, 33),
(735, 'нет', 35, 33),
(736, 'есть', 36, 33),
(737, 'нет', 37, 33),
(738, 'нет', 38, 33),
(739, 'есть', 39, 33),
(740, 'нет', 64, 33),
(741, 'трехсторонний', 65, 33),
(742, '100x100', 40, 33),
(743, 'есть', 41, 33),
(744, 'есть', 42, 33),
(745, 'есть', 43, 33),
(746, 'есть', 44, 33),
(747, 'нет', 45, 33),
(748, 'нет', 46, 33),
(749, 'встроенный', 66, 33),
(750, '22 Вт', 49, 33),
(751, '0.5 Вт', 50, 33),
(752, '0.4 Вт', 51, 33),
(753, '100-240 В / 50-60 Гц', 52, 33),
(754, 'кабель питания, документация, кабель HDMI', 53, 33),
(755, 'нет', 47, 33),
(756, '612 мм', 54, 33),
(757, '366 мм', 55, 33),
(758, '68 мм', 56, 33),
(759, '4.87 кг', 57, 33),
(760, '612 мм', 58, 33),
(761, '407 мм', 67, 33),
(762, '527 мм', 59, 33),
(763, '233 мм', 60, 33),
(764, '6.39 кг', 61, 33),
(765, 'https://c.dns-shop.ru/thumb/st4/fit/500/500/50a24bf8d42d94d1e385fdee8d9d5e56/34b050251faeb3323e40a7d6a2c72c74c256118026cdb9137ac4daf44d2b0614.jpg', 3, 34),
(766, '12 мес.', 7, 34),
(767, 'MSI Pro MP271', 9, 34),
(768, '[9S6-3PA2CT-002]', 10, 34),
(769, 'черный', 11, 34),
(770, 'нет', 12, 34),
(771, '27\"', 13, 34),
(772, '1920x1080', 14, 34),
(773, 'LED', 15, 34),
(774, 'IPS', 16, 34),
(775, '16:9', 17, 34),
(776, 'нет', 18, 34),
(777, 'матовое', 19, 34),
(778, 'нет', 69, 34),
(779, 'есть', 20, 34),
(780, '597.9 x 336.3 мм', 21, 34),
(781, '250 Кд/м²', 22, 34),
(782, '1000 : 1', 23, 34),
(783, '5 мс', 25, 34),
(784, '5 мс', 26, 34),
(785, '178°', 27, 34),
(786, '178°', 28, 34),
(787, 'нет', 62, 34),
(788, '81 ppi', 29, 34),
(789, '75 Гц', 30, 34),
(790, '75 Гц', 63, 34),
(791, '6bit+FRC', 31, 34),
(792, 'HDMI', 32, 34),
(793, 'нет', 33, 34),
(794, 'нет', 34, 34),
(795, 'есть', 35, 34),
(796, 'есть', 36, 34),
(797, 'нет', 37, 34),
(798, 'нет', 38, 34),
(799, 'есть', 39, 34),
(800, '93.1%', 74, 34),
(801, 'трехсторонний', 65, 34),
(802, '100x100', 40, 34),
(803, 'нет', 41, 34),
(804, 'нет', 42, 34),
(805, 'есть', 43, 34),
(806, 'нет', 44, 34),
(807, 'есть', 45, 34),
(808, '2 x 2 Вт', 73, 34),
(809, 'нет', 46, 34),
(810, 'встроенный', 66, 34),
(811, '23 Вт', 49, 34),
(812, '0.5 Вт', 50, 34),
(813, '0.5 Вт', 51, 34),
(814, '100-240 В / 50-60 Гц', 52, 34),
(815, 'кабель питания, документация, кабель HDMI - HDMI', 53, 34),
(816, 'Kensington Lock', 70, 34),
(817, 'нет', 47, 34),
(818, '612.6 мм', 54, 34),
(819, '612.6 мм', 58, 34),
(820, '456.8 мм', 67, 34),
(821, '456.8 мм', 59, 34),
(822, '219.7 мм', 60, 34),
(823, '4.2 кг', 61, 34),
(824, 'https://c.dns-shop.ru/thumb/st4/fit/500/500/103bb06518970f06bca85ad6d60472e1/30e6c8a8bbaf479dde08833338a66699c8689d3f535941c34c319333199be120.jpg', 3, 35),
(825, '36 мес.', 7, 35),
(826, 'Philips 271V8L', 9, 35),
(827, 'черный', 11, 35),
(828, 'нет', 12, 35),
(829, '27\"', 13, 35),
(830, '1920x1080', 14, 35),
(831, 'LED', 15, 35),
(832, 'VA', 16, 35),
(833, '16:9', 17, 35),
(834, 'нет', 18, 35),
(835, 'матовое', 19, 35),
(836, 'нет', 69, 35),
(837, 'есть', 20, 35),
(838, '598 x 336 мм', 21, 35),
(839, '250 Кд/м²', 22, 35),
(840, '3000 : 1', 23, 35),
(841, 'Mega DCR', 24, 35),
(842, '4 мс', 25, 35),
(843, '178°', 27, 35),
(844, '178°', 28, 35),
(845, 'Adaptive-Sync', 62, 35),
(846, '82 ppi', 29, 35),
(847, '75 Гц', 30, 35),
(848, '8bit', 31, 35),
(849, 'HDMI', 32, 35),
(850, 'нет', 33, 35),
(851, 'нет', 34, 35),
(852, 'есть', 36, 35),
(853, 'нет', 37, 35),
(854, 'нет', 38, 35),
(855, 'есть', 39, 35),
(856, 'нет', 64, 35),
(857, 'трехсторонний', 65, 35),
(858, '100x100', 40, 35),
(859, 'нет', 41, 35),
(860, 'нет', 42, 35),
(861, 'есть', 43, 35),
(862, 'нет', 44, 35),
(863, 'нет', 45, 35),
(864, 'нет', 46, 35),
(865, 'встроенный', 66, 35),
(866, '23.3 Вт', 49, 35),
(867, '0.3 Вт', 50, 35),
(868, '0.3 Вт', 51, 35),
(869, '100-240 В / 50-60 Гц', 52, 35),
(870, 'кабель питания, документация, кабель HDMI', 53, 35),
(871, 'нет', 47, 35),
(872, '613 мм', 54, 35),
(873, '363 мм', 55, 35),
(874, '45 мм', 56, 35),
(875, '3.48 кг', 57, 35),
(876, '613 мм', 58, 35),
(877, '456 мм', 67, 35),
(878, '456 мм', 59, 35),
(879, '231 мм', 60, 35),
(880, '3.94 кг', 61, 35),
(881, 'https://img.mvideo.ru/Big/30063458bb.jpg', 3, 36),
(882, '12 мес.', 7, 36),
(883, 'Irbis NB81', 9, 36),
(884, '[NB81]', 10, 36),
(885, 'Windows 10 Home Single Language', 75, 36),
(886, 'нет', 76, 36),
(887, 'классический', 77, 36),
(888, 'черный', 78, 36),
(889, 'черный', 79, 36),
(890, 'пластик', 80, 36),
(891, 'пластик', 81, 36),
(892, 'английская/русская', 82, 36),
(893, 'нет', 83, 36),
(894, 'нет', 84, 36),
(895, 'стандартный тачпад', 85, 36),
(896, 'нет', 86, 36),
(897, 'нет', 87, 36),
(898, 'IPS', 88, 36),
(899, '13.3\"', 13, 36),
(900, 'HD (1366x768)', 89, 36),
(901, 'нет', 18, 36),
(902, '60 Гц', 63, 36),
(903, '118 ppi', 29, 36),
(904, 'нет', 62, 36),
(905, 'нет', 90, 36),
(906, 'Intel Atom Z3735F', 91, 36),
(907, '4', 92, 36),
(908, '4', 93, 36),
(909, 'нет', 94, 36),
(910, '4', 95, 36),
(911, '1.33 ГГц', 96, 36),
(912, '1.83 ГГц', 97, 36),
(913, 'DDR3L', 98, 36),
(914, '2 ГБ', 99, 36),
(915, 'интегрированная', 100, 36),
(916, '1333 МГц', 101, 36),
(917, '2 ГБ', 102, 36),
(918, 'нет', 103, 36),
(919, 'встроенный', 104, 36),
(920, 'Intel HD Graphics', 105, 36),
(921, 'нет', 106, 36),
(922, 'нет', 107, 36),
(923, 'нет', 108, 36),
(924, '32 ГБ', 109, 36),
(925, '0.3 Мп (480p)', 46, 36),
(926, 'есть', 110, 36),
(927, 'microSD', 111, 36),
(928, 'нет', 112, 36),
(929, 'WI-FI 4 (802.11n)', 113, 36),
(930, 'нет', 114, 36),
(931, 'mini HDMI', 115, 36),
(932, 'HDMI 1.4', 116, 36),
(933, '3.5 мм jack (аудио)', 117, 36),
(934, 'USB 2.0 x2', 118, 36),
(935, 'нет', 119, 36),
(936, 'нет', 120, 36),
(937, 'нет', 121, 36),
(938, 'нет', 122, 36),
(939, 'Li-Ion', 123, 36),
(940, '8000 мА*ч', 124, 36),
(941, 'нет', 125, 36),
(942, 'документация, адаптер питания', 53, 36),
(943, '217.5 мм', 126, 36),
(944, '329.3 мм', 127, 36),
(945, '20.8 мм', 128, 36),
(946, '1.273 кг', 129, 36),
(947, 'https://c.dns-shop.ru/thumb/st1/fit/300/300/5c84da9875706a25482d9eff5ea3ac46/1dd853c61ac9369e2800ab72b11eaa4415ab28fc2702f557114613d97c0f8d0b.jpg', 3, 37),
(948, '12 мес.', 7, 37),
(949, 'Китай', 68, 37),
(950, 'Irbis NB79', 9, 37),
(951, '[NB79]', 10, 37),
(952, '2021', 130, 37),
(953, 'Windows 10 Home Single Language', 75, 37),
(954, 'нет', 76, 37),
(955, 'классический', 77, 37),
(956, 'синий', 78, 37),
(957, 'пластик', 80, 37),
(958, 'пластик', 81, 37),
(959, 'английская/русская', 82, 37),
(960, 'нет', 83, 37),
(961, 'нет', 84, 37),
(962, 'стандартный тачпад', 85, 37),
(963, 'нет', 86, 37),
(964, 'нет', 87, 37),
(965, 'TN+film', 88, 37),
(966, '13.3\"', 13, 37),
(967, 'HD (1366x768)', 89, 37),
(968, 'матовое', 19, 37),
(969, 'нет', 18, 37),
(970, '60 Гц', 63, 37),
(971, '180 Кд/м²', 22, 37),
(972, '118 ppi', 29, 37),
(973, 'нет', 62, 37),
(974, 'Intel Celeron 3350', 91, 37),
(975, '2', 92, 37),
(976, '2', 93, 37),
(977, 'нет', 94, 37),
(978, '2', 95, 37),
(979, '1.1 ГГц', 96, 37),
(980, '2.4 ГГц', 97, 37),
(981, 'LPDDR4', 98, 37),
(982, '4 ГБ', 99, 37),
(983, '1', 100, 37),
(984, '8 ГБ', 102, 37),
(985, 'нет', 103, 37),
(986, 'встроенный', 104, 37),
(987, 'Intel HD Graphics 500', 105, 37),
(988, 'нет', 106, 37),
(989, 'нет', 107, 37),
(990, 'нет', 108, 37),
(991, '64 ГБ', 109, 37),
(992, '0.3 Мп (480p)', 46, 37),
(993, 'есть', 110, 37),
(994, 'microSD', 111, 37),
(995, 'нет', 112, 37),
(996, 'WI-FI 4 (802.11n)', 113, 37),
(997, 'нет', 114, 37),
(998, 'mini HDMI', 115, 37),
(999, '3.5 мм jack (микрофон/аудио)', 117, 37),
(1000, 'USB 2.0, USB 3.2 Gen1', 118, 37),
(1001, 'нет', 119, 37),
(1002, 'нет', 120, 37),
(1003, 'нет', 121, 37),
(1004, 'нет', 122, 37),
(1005, 'Li-Ion', 123, 37),
(1006, '4500 мА*ч', 124, 37),
(1007, '3.5 ч', 131, 37),
(1008, '5 книг от Литрес в подарок, подписка на Яндекс.Плюс 90 дней', 132, 37),
(1009, 'документация, адаптер питания', 53, 37),
(1010, '217.5 мм', 126, 37),
(1011, '329.3 мм', 127, 37),
(1012, '20.8 мм', 128, 37),
(1013, '1.273 кг', 129, 37),
(1014, 'https://c.dns-shop.ru/thumb/st1/fit/300/300/23270ac1858bb28e967c7d96f52980b6/ce77619a7d0fba394d8991e9fe93a4c2e11e657f093715cdc8325de3f80f9e7b.jpg', 3, 38),
(1015, '12 мес.', 7, 38),
(1016, 'Китай', 68, 38),
(1017, 'Irbis NB257', 9, 38),
(1018, '[NB257]', 10, 38),
(1019, '2021', 130, 38),
(1020, 'Windows 10 Home Single Language', 75, 38),
(1021, 'нет', 76, 38),
(1022, 'классический', 77, 38),
(1023, 'серый', 78, 38),
(1024, 'пластик', 80, 38),
(1025, 'пластик', 81, 38),
(1026, 'английская/русская', 82, 38),
(1027, 'нет', 83, 38),
(1028, 'нет', 84, 38),
(1029, 'стандартный тачпад', 85, 38),
(1030, 'нет', 86, 38),
(1031, 'нет', 87, 38),
(1032, 'IPS', 88, 38),
(1033, '14\"', 13, 38),
(1034, 'HD (1366x768)', 89, 38),
(1035, 'матовое', 19, 38),
(1036, 'нет', 18, 38),
(1037, '60 Гц', 63, 38),
(1038, '180 Кд/м²', 22, 38),
(1039, '112 ppi', 29, 38),
(1040, 'нет', 62, 38),
(1041, 'Intel Celeron 3350', 91, 38),
(1042, '2', 92, 38),
(1043, '2', 93, 38),
(1044, 'нет', 94, 38),
(1045, '2', 95, 38),
(1046, '1.1 ГГц', 96, 38),
(1047, '2.4 ГГц', 97, 38),
(1048, 'LPDDR4', 98, 38),
(1049, '4 ГБ', 99, 38),
(1050, 'интегрированная', 100, 38),
(1051, '4 ГБ', 102, 38),
(1052, 'нет', 103, 38),
(1053, 'встроенный', 104, 38),
(1054, 'Intel HD Graphics 500', 105, 38),
(1055, 'нет', 106, 38),
(1056, 'нет', 107, 38),
(1057, 'нет', 108, 38),
(1058, '64 ГБ', 109, 38),
(1059, '0.3 Мп (480p)', 46, 38),
(1060, 'есть', 110, 38),
(1061, 'нет', 112, 38),
(1062, 'WI-FI 4 (802.11n)', 113, 38),
(1063, 'нет', 114, 38),
(1064, 'mini HDMI', 115, 38),
(1065, '3.5 мм jack (микрофон/аудио)', 117, 38),
(1066, 'USB 2.0', 118, 38),
(1067, 'USB 3.2 Gen1', 119, 38),
(1068, 'нет', 120, 38),
(1069, 'нет', 121, 38),
(1070, 'нет', 122, 38),
(1071, 'Li-Ion', 123, 38),
(1072, '4500 мА*ч', 124, 38),
(1073, '3.5 ч', 131, 38),
(1074, '5 книг от Литрес в подарок, подписка на Яндекс.Плюс 90 дней', 132, 38),
(1075, 'документация, адаптер питания', 53, 38),
(1076, '217.5 мм', 126, 38),
(1077, '329.3 мм', 127, 38),
(1078, '20.8 мм', 128, 38),
(1079, '1.273 кг', 129, 38),
(1080, 'https://c.dns-shop.ru/thumb/st1/fit/300/300/d2746b056e58b5612068b5bb96a8f34b/6f061791739f3882254b817285a658d28a9c16b71fe3d150f67b87681c3d5d28.jpg', 3, 39),
(1081, '12 мес.', 7, 39),
(1082, 'Irbis NB270', 9, 39),
(1083, '[NB270]', 10, 39),
(1084, '2021', 130, 39),
(1085, 'Windows 10 Pro', 75, 39),
(1086, 'нет', 76, 39),
(1087, 'классический', 77, 39),
(1088, 'белый', 78, 39),
(1089, 'пластик', 80, 39),
(1090, 'пластик', 81, 39),
(1091, 'английская/русская', 82, 39),
(1092, 'нет', 83, 39),
(1093, 'нет', 84, 39),
(1094, 'стандартный тачпад', 85, 39),
(1095, 'нет', 86, 39),
(1096, 'нет', 87, 39),
(1097, 'IPS', 88, 39),
(1098, '14.1\"', 13, 39),
(1099, 'Full HD (1920x1080)', 89, 39),
(1100, 'матовое', 19, 39),
(1101, 'нет', 18, 39),
(1102, '60 Гц', 63, 39),
(1103, '200 Кд/м²', 22, 39),
(1104, '156 ppi', 29, 39),
(1105, 'нет', 62, 39),
(1106, 'Intel Celeron N4020', 91, 39),
(1107, '2', 92, 39),
(1108, '2', 93, 39),
(1109, 'нет', 94, 39),
(1110, '2', 95, 39),
(1111, '1.1 ГГц', 96, 39),
(1112, '2.8 ГГц', 97, 39),
(1113, 'LPDDR4', 98, 39),
(1114, '4 ГБ', 99, 39),
(1115, 'интегрированная', 100, 39),
(1116, '2400 МГц', 101, 39),
(1117, '4 ГБ', 102, 39),
(1118, 'нет', 103, 39),
(1119, 'встроенный', 104, 39),
(1120, 'Intel UHD Graphics 600', 105, 39),
(1121, 'нет', 106, 39),
(1122, 'нет', 107, 39),
(1123, 'нет', 108, 39),
(1124, '128 ГБ', 109, 39),
(1125, '2 Мп (1080p)', 46, 39),
(1126, 'есть', 110, 39),
(1127, 'microSD', 111, 39),
(1128, 'нет', 112, 39),
(1129, 'WI-FI 4 (802.11n)', 113, 39),
(1130, 'нет', 114, 39),
(1131, 'mini HDMI', 115, 39),
(1132, '3.5 мм jack (микрофон/аудио)', 117, 39),
(1133, 'USB 2.0, USB 3.2 Gen1', 118, 39),
(1134, 'нет', 119, 39),
(1135, 'нет', 120, 39),
(1136, 'нет', 122, 39),
(1137, 'Li-Ion', 123, 39),
(1138, '4000 мА*ч', 124, 39),
(1139, 'документация, адаптер питания', 53, 39),
(1140, '213 мм', 126, 39),
(1141, '328 мм', 127, 39),
(1142, '21 мм', 128, 39),
(1143, '1.28 кг', 129, 39),
(1144, 'https://c.dns-shop.ru/thumb/st1/fit/300/300/260e169bf7dc2d181285019651868438/fbed83b49d457f041a4d3f86628362ed95eb255e23b6ca568b3fa71a3b7bbcd1.jpg', 3, 40),
(1145, '12 мес.', 7, 40),
(1146, 'Digma EVE 14 C414', 9, 40),
(1147, '[ES4060EW]', 10, 40),
(1148, '2022', 130, 40),
(1149, 'Windows 10 Home Single Language', 75, 40),
(1150, 'нет', 76, 40),
(1151, 'классический', 77, 40),
(1152, 'серый', 78, 40),
(1153, 'пластик', 80, 40),
(1154, 'пластик', 81, 40),
(1155, 'английская/русская', 82, 40),
(1156, 'нет', 83, 40),
(1157, 'нет', 84, 40),
(1158, 'стандартный тачпад', 85, 40),
(1159, 'нет', 86, 40),
(1160, 'нет', 87, 40),
(1161, 'IPS', 88, 40),
(1162, '14.1\"', 13, 40),
(1163, 'Full HD (1920x1080)', 89, 40),
(1164, 'нет', 18, 40),
(1165, '60 Гц', 63, 40),
(1166, '155 ppi', 29, 40),
(1167, 'нет', 62, 40),
(1168, 'нет', 90, 40),
(1169, 'Intel Celeron N4020', 91, 40),
(1170, '2', 92, 40),
(1171, '2', 93, 40),
(1172, 'нет', 94, 40),
(1173, '2', 95, 40),
(1174, '1.1 ГГц', 96, 40),
(1175, '2.8 ГГц', 97, 40),
(1176, 'DDR4', 98, 40),
(1177, '4 ГБ', 99, 40),
(1178, 'встроенный', 104, 40),
(1179, 'Intel UHD Graphics 600', 105, 40),
(1180, 'нет', 106, 40),
(1181, 'нет', 107, 40),
(1182, 'нет', 108, 40),
(1183, '64 ГБ', 109, 40),
(1184, '0.3 Мп (480p)', 46, 40),
(1185, 'нет', 110, 40),
(1186, 'microSD', 111, 40),
(1187, 'нет', 112, 40),
(1188, 'WI-FI 4 (802.11n)', 113, 40),
(1189, 'нет', 114, 40),
(1190, 'mini HDMI', 115, 40),
(1191, 'HDMI 1.4', 116, 40),
(1192, '3.5 мм jack (микрофон/аудио)', 117, 40),
(1193, 'USB 2.0, USB 3.2 Gen1', 118, 40),
(1194, 'нет', 119, 40),
(1195, 'нет', 120, 40),
(1196, 'нет', 121, 40),
(1197, 'нет', 122, 40),
(1198, 'Li-Ion', 123, 40),
(1199, '5000 мА*ч', 124, 40),
(1200, '5.3 ч', 131, 40),
(1201, 'документация, адаптер питания', 53, 40),
(1202, '216 мм', 126, 40),
(1203, '327 мм', 127, 40),
(1204, '23 мм', 128, 40),
(1205, '1.25 кг', 129, 40),
(1206, 'https://c.dns-shop.ru/thumb/st1/fit/300/300/5a7ab5e1260666bb81fd94bc72d78650/fd309dc950fbcf367034e35934e12cc7442e2067fcd16f35de614254cbfc40d9.jpg', 3, 41),
(1207, '12 мес.', 7, 41),
(1208, 'Китай', 68, 41),
(1209, 'Irbis NB144', 9, 41),
(1210, '[NB144]', 10, 41),
(1211, '2020', 130, 41),
(1212, 'Windows 10 Pro', 75, 41),
(1213, 'нет', 76, 41),
(1214, 'классический', 77, 41),
(1215, 'серый', 78, 41),
(1216, 'пластик', 80, 41),
(1217, 'пластик', 81, 41),
(1218, 'английская/русская', 82, 41),
(1219, 'нет', 83, 41),
(1220, 'нет', 84, 41),
(1221, 'стандартный тачпад', 85, 41),
(1222, 'нет', 86, 41),
(1223, 'нет', 87, 41),
(1224, 'IPS', 88, 41),
(1225, '14.1\"', 13, 41),
(1226, 'Full HD (1920x1080)', 89, 41),
(1227, 'матовое', 19, 41),
(1228, 'нет', 18, 41),
(1229, '60 Гц', 63, 41),
(1230, '200 Кд/м²', 22, 41),
(1231, '156 ppi', 29, 41),
(1232, 'нет', 62, 41),
(1233, 'Intel Celeron 3350', 91, 41),
(1234, '2', 92, 41),
(1235, '2', 93, 41),
(1236, 'нет', 94, 41),
(1237, '2', 95, 41),
(1238, '1.1 ГГц', 96, 41),
(1239, '2.4 ГГц', 97, 41),
(1240, 'LPDDR3', 98, 41),
(1241, '4 ГБ', 99, 41),
(1242, '1', 100, 41),
(1243, '16 ГБ', 102, 41),
(1244, 'нет', 103, 41),
(1245, 'встроенный', 104, 41),
(1246, 'Intel HD Graphics 500', 105, 41),
(1247, 'нет', 106, 41),
(1248, 'нет', 107, 41),
(1249, 'нет', 108, 41),
(1250, '64 ГБ', 109, 41),
(1251, '0.3 Мп (480p)', 46, 41),
(1252, 'есть', 110, 41),
(1253, 'microSD', 111, 41),
(1254, 'нет', 112, 41),
(1255, 'WI-FI 4 (802.11n)', 113, 41),
(1256, 'нет', 114, 41),
(1257, 'mini HDMI', 115, 41),
(1258, '3.5 мм jack (аудио)', 117, 41),
(1259, 'USB 2.0, USB 3.2 Gen1', 118, 41),
(1260, 'нет', 119, 41),
(1261, 'нет', 120, 41),
(1262, 'нет', 121, 41),
(1263, 'нет', 122, 41),
(1264, 'Li-Ion', 123, 41),
(1265, '4000 мА*ч', 124, 41),
(1266, '5 ч', 131, 41),
(1267, '5 книг от Литрес в подарок, подписка на Яндекс.Плюс 90 дней', 132, 41),
(1268, 'документация, адаптер питания', 53, 41),
(1269, '213 мм', 126, 41),
(1270, '328 мм', 127, 41),
(1271, '21 мм', 128, 41),
(1272, '1.28 кг', 129, 41),
(1273, 'https://c.dns-shop.ru/thumb/st1/fit/300/300/eb8d8891705a8318146d7f492af11120/65d22073a2eaebe119512a71f4700c74f4cb2258f55e1b6d83ca1a47515f2d45.jpg', 3, 42),
(1274, '12 мес.', 7, 42),
(1275, 'Китай', 68, 42),
(1276, 'Irbis NB262', 9, 42),
(1277, '[NB262]', 10, 42),
(1278, '2021', 130, 42),
(1279, 'Windows 10 Home Single Language', 75, 42),
(1280, 'нет', 76, 42),
(1281, 'классический', 77, 42),
(1282, 'серебристый', 78, 42),
(1283, 'пластик', 80, 42),
(1284, 'пластик', 81, 42),
(1285, 'английская/русская', 82, 42),
(1286, 'нет', 83, 42),
(1287, 'нет', 84, 42),
(1288, 'стандартный тачпад', 85, 42),
(1289, 'нет', 86, 42),
(1290, 'нет', 87, 42),
(1291, 'IPS', 88, 42),
(1292, '15.6\"', 13, 42),
(1293, 'Full HD (1920x1080)', 89, 42),
(1294, 'матовое', 19, 42),
(1295, 'нет', 18, 42),
(1296, '60 Гц', 63, 42),
(1297, '220 Кд/м²', 22, 42),
(1298, '157 ppi', 29, 42),
(1299, 'нет', 62, 42),
(1300, 'Intel Celeron 3350', 91, 42),
(1301, '2', 92, 42),
(1302, '2', 93, 42),
(1303, 'нет', 94, 42),
(1304, '2', 95, 42),
(1305, '1.1 ГГц', 96, 42),
(1306, '2.4 ГГц', 97, 42),
(1307, 'LPDDR3', 98, 42),
(1308, '4 ГБ', 99, 42),
(1309, '1', 100, 42),
(1310, '8 ГБ', 102, 42),
(1311, 'нет', 103, 42),
(1312, 'встроенный', 104, 42),
(1313, 'Intel HD Graphics 500', 105, 42),
(1314, 'нет', 106, 42),
(1315, 'нет', 107, 42),
(1316, 'нет', 108, 42),
(1317, '128 ГБ', 109, 42),
(1318, '0.3 Мп (480p)', 46, 42),
(1319, 'есть', 110, 42),
(1320, 'нет', 112, 42),
(1321, 'WI-FI 4 (802.11n)', 113, 42),
(1322, 'нет', 114, 42),
(1323, 'mini HDMI', 115, 42),
(1324, '3.5 мм jack (микрофон/аудио)', 117, 42),
(1325, 'USB 2.0', 118, 42),
(1326, 'USB 3.2 Gen1', 119, 42),
(1327, 'нет', 120, 42),
(1328, 'нет', 121, 42),
(1329, 'нет', 122, 42),
(1330, 'Li-Ion', 123, 42),
(1331, '5000 мА*ч', 124, 42),
(1332, '3 ч', 131, 42),
(1333, '5 книг от Литрес в подарок, подписка на Яндекс.Плюс 90 дней', 132, 42),
(1334, 'документация, адаптер питания', 53, 42),
(1335, '227 мм', 126, 42),
(1336, '365.5 мм', 127, 42),
(1337, '23.7 мм', 128, 42),
(1338, '1.5 кг', 129, 42),
(1339, 'https://c.dns-shop.ru/thumb/st4/fit/300/300/4ceb0de4da790732c36e52748377c034/dcb7fe86c27479875bdfc6269b46c6c7d82add6c8faab39a3815b82382e043e0.jpg', 3, 43),
(1340, '12 мес.', 7, 43),
(1341, 'Китай', 68, 43),
(1342, 'Irbis NB263', 9, 43),
(1343, '[NB263]', 10, 43),
(1344, '2022', 130, 43),
(1345, 'Windows 10 Home Single Language', 75, 43),
(1346, 'нет', 76, 43),
(1347, 'классический', 77, 43),
(1348, 'черный', 78, 43),
(1349, 'пластик', 80, 43),
(1350, 'пластик', 81, 43),
(1351, 'английская/русская', 82, 43),
(1352, 'нет', 83, 43),
(1353, 'нет', 84, 43),
(1354, 'стандартный тачпад', 85, 43),
(1355, 'нет', 86, 43),
(1356, 'нет', 87, 43),
(1357, 'IPS', 88, 43),
(1358, '15.6\"', 13, 43),
(1359, 'Full HD (1920x1080)', 89, 43),
(1360, 'нет', 18, 43),
(1361, '60 Гц', 63, 43),
(1362, '141 ppi', 29, 43),
(1363, 'нет', 90, 43),
(1364, 'Intel Celeron N3350', 91, 43),
(1365, '2', 92, 43),
(1366, '2', 93, 43),
(1367, 'нет', 94, 43),
(1368, '2', 95, 43),
(1369, '1.1 ГГц', 96, 43),
(1370, '2.4 ГГц', 97, 43),
(1371, 'LPDDR3', 98, 43),
(1372, '4 ГБ', 99, 43),
(1373, 'встроенный', 104, 43),
(1374, 'Intel HD Graphics 500', 105, 43),
(1375, 'нет', 106, 43),
(1376, '128 ГБ', 107, 43),
(1377, 'нет', 108, 43),
(1378, 'нет', 109, 43),
(1379, '0.3 Мп (480p)', 46, 43),
(1380, 'есть', 110, 43),
(1381, 'microSD', 111, 43),
(1382, 'нет', 112, 43),
(1383, 'WI-FI 4 (802.11n)', 113, 43),
(1384, 'нет', 114, 43),
(1385, 'mini HDMI', 115, 43),
(1386, 'HDMI 1.4', 116, 43),
(1387, '3.5 мм jack (аудио)', 117, 43),
(1388, 'USB 2.0, USB 3.2 Gen1', 118, 43),
(1389, 'нет', 119, 43),
(1390, 'нет', 120, 43),
(1391, 'нет', 121, 43),
(1392, 'нет', 122, 43),
(1393, 'Li-Ion', 123, 43),
(1394, '5000 мА*ч', 124, 43),
(1395, 'нет', 125, 43),
(1396, 'документация, адаптер питания', 53, 43),
(1397, '227 мм', 126, 43),
(1398, '365.5 мм', 127, 43),
(1399, '23.7 мм', 128, 43),
(1400, '1.7 кг', 129, 43),
(1401, 'https://c.dns-shop.ru/thumb/st1/fit/300/300/3f1246ba3989d51cb2ace25c03dd3482/b82ece4938d8614e8bd7436657d933e3870e1f164b38f6fe12a07c84ab2f472a.jpg', 3, 44),
(1402, '12 мес.', 7, 44),
(1403, 'Irbis NB285', 9, 44),
(1404, '[NB285]', 10, 44),
(1405, '2021', 130, 44),
(1406, 'Windows 10 Pro', 75, 44),
(1407, 'нет', 76, 44),
(1408, 'классический', 77, 44),
(1409, 'черный', 78, 44),
(1410, 'пластик', 80, 44),
(1411, 'пластик', 81, 44),
(1412, 'английская/русская', 82, 44),
(1413, 'нет', 83, 44),
(1414, 'нет', 84, 44),
(1415, 'стандартный тачпад', 85, 44),
(1416, 'нет', 86, 44),
(1417, 'нет', 87, 44),
(1418, 'TN+film', 88, 44),
(1419, '15.6\"', 13, 44),
(1420, 'HD (1366x768)', 89, 44),
(1421, 'матовое', 19, 44),
(1422, 'нет', 18, 44),
(1423, '60 Гц', 63, 44),
(1424, '180 Кд/м²', 22, 44),
(1425, '141 ppi', 29, 44),
(1426, 'нет', 62, 44),
(1427, 'Intel Pentium J3710', 91, 44),
(1428, '4', 92, 44),
(1429, '4', 93, 44),
(1430, 'нет', 94, 44),
(1431, '4', 95, 44),
(1432, '1.6 ГГц', 96, 44),
(1433, '2.6 ГГц', 97, 44),
(1434, 'LPDDR4', 98, 44),
(1435, '4 ГБ', 99, 44),
(1436, '2400 МГц', 101, 44),
(1437, 'встроенный', 104, 44),
(1438, 'Intel HD Graphics', 105, 44),
(1439, 'нет', 106, 44),
(1440, 'нет', 107, 44),
(1441, 'нет', 108, 44),
(1442, '128 ГБ', 109, 44),
(1443, '0.3 Мп (480p)', 46, 44),
(1444, 'есть', 110, 44),
(1445, 'microSD', 111, 44),
(1446, 'нет', 112, 44),
(1447, 'WI-FI 4 (802.11n)', 113, 44),
(1448, 'нет', 114, 44),
(1449, 'mini HDMI', 115, 44),
(1450, 'HDMI 1.4', 116, 44),
(1451, '3.5 мм jack (микрофон/аудио)', 117, 44),
(1452, 'USB 2.0, USB 3.2 Gen1', 118, 44),
(1453, 'нет', 119, 44),
(1454, 'нет', 120, 44),
(1455, 'нет', 122, 44),
(1456, 'Li-Ion', 123, 44),
(1457, '4500 мА*ч', 124, 44),
(1458, '4.5 ч', 131, 44),
(1459, 'документация, адаптер питания', 53, 44),
(1460, '238.9 мм', 126, 44),
(1461, '370.8 мм', 127, 44),
(1462, '22.4 мм', 128, 44),
(1463, '1.57 кг', 129, 44),
(1464, 'https://c.dns-shop.ru/thumb/st1/fit/300/300/cc57fe918f194d349efa39073e14ad88/aba9971e2adfd7e2ab7f24011e849020f083a4e50452e4b1ad1b284d7a333f87.jpg', 3, 45),
(1465, '12 мес.', 7, 45),
(1466, 'Китай', 68, 45),
(1467, 'Irbis NB290', 9, 45),
(1468, '[NB290]', 10, 45),
(1469, '2021', 130, 45),
(1470, 'Windows 10 Home Single Language', 75, 45),
(1471, 'нет', 76, 45),
(1472, 'классический', 77, 45),
(1473, 'черный', 78, 45),
(1474, 'пластик', 80, 45),
(1475, 'пластик', 81, 45),
(1476, 'английская/русская', 82, 45),
(1477, 'есть', 83, 45),
(1478, 'нет', 84, 45),
(1479, 'стандартный тачпад', 85, 45),
(1480, 'нет', 86, 45),
(1481, 'нет', 87, 45),
(1482, 'IPS', 88, 45),
(1483, '15.6\"', 13, 45),
(1484, '3200x1800', 89, 45),
(1485, 'матовое', 19, 45),
(1486, 'нет', 18, 45),
(1487, '60 Гц', 63, 45),
(1488, '235 ppi', 29, 45),
(1489, 'нет', 62, 45),
(1490, 'Intel Celeron N4020', 91, 45),
(1491, '2', 92, 45),
(1492, '2', 93, 45),
(1493, 'нет', 94, 45),
(1494, '2', 95, 45),
(1495, '1.1 ГГц', 96, 45),
(1496, '2.8 ГГц', 97, 45),
(1497, 'LPDDR4', 98, 45),
(1498, '4 ГБ', 99, 45),
(1499, 'интегрированная', 100, 45),
(1500, '4 ГБ', 102, 45),
(1501, 'нет', 103, 45),
(1502, 'встроенный', 104, 45),
(1503, 'Intel UHD Graphics 600', 105, 45),
(1504, 'нет', 106, 45),
(1505, 'нет', 107, 45),
(1506, 'нет', 108, 45),
(1507, '128 ГБ', 109, 45),
(1508, '0.3 Мп (480p)', 46, 45),
(1509, 'есть', 110, 45),
(1510, 'microSD', 111, 45),
(1511, 'нет', 112, 45),
(1512, 'WI-FI 4 (802.11n)', 113, 45),
(1513, 'нет', 114, 45),
(1514, 'mini HDMI', 115, 45),
(1515, 'HDMI 1.4', 116, 45),
(1516, '3.5 мм jack (микрофон/аудио)', 117, 45),
(1517, 'USB 2.0, USB 3.2 Gen1', 118, 45),
(1518, 'нет', 119, 45),
(1519, 'нет', 120, 45),
(1520, 'нет', 122, 45),
(1521, 'Li-Ion', 123, 45),
(1522, '5000 мА*ч', 124, 45),
(1523, 'документация, адаптер питания', 53, 45),
(1524, '227 мм', 126, 45),
(1525, '365.5 мм', 127, 45),
(1526, '23.7 мм', 128, 45),
(1527, '1.7 кг', 129, 45),
(1528, 'https://c.dns-shop.ru/thumb/st4/fit/300/300/28cfcd3eecf93c7796eefc7d9490cf57/df36561a8be12f80f25404bbad48c9fed3031d51f468534b4dfe84706ebe3171.jpg', 3, 46),
(1529, 'Lenovo IdeaPad 1 11ADA05', 9, 46),
(1530, '[82GV003TRK]', 10, 46),
(1531, '2021', 130, 46),
(1532, 'без ОС', 75, 46),
(1533, 'нет', 76, 46),
(1534, 'классический', 77, 46),
(1535, 'серебристый', 78, 46),
(1536, 'пластик', 80, 46),
(1537, 'пластик', 81, 46),
(1538, 'английская/русская', 82, 46),
(1539, 'нет', 83, 46),
(1540, 'нет', 84, 46),
(1541, 'стандартный тачпад', 85, 46),
(1542, 'нет', 86, 46),
(1543, 'нет', 87, 46),
(1544, 'TN+film', 88, 46),
(1545, '11.6\"', 13, 46),
(1546, 'HD (1366x768)', 89, 46),
(1547, 'матовое', 19, 46),
(1548, 'нет', 18, 46),
(1549, '60 Гц', 63, 46),
(1550, '250 Кд/м²', 22, 46),
(1551, '135 ppi', 29, 46),
(1552, 'нет', 62, 46),
(1553, 'NTSC 45%', 133, 46),
(1554, 'AMD Athlon Silver 3050e', 91, 46),
(1555, '2', 92, 46),
(1556, '2', 93, 46),
(1557, 'нет', 94, 46),
(1558, '4', 95, 46),
(1559, '1.4 ГГц', 96, 46),
(1560, '2.8 ГГц', 97, 46),
(1561, 'DDR4', 98, 46),
(1562, '4 ГБ', 99, 46),
(1563, 'интегрированная', 100, 46),
(1564, '2400 МГц', 101, 46),
(1565, '4 ГБ', 102, 46),
(1566, 'нет', 103, 46),
(1567, 'встроенный', 104, 46),
(1568, 'AMD Radeon Graphics', 105, 46),
(1569, 'нет', 106, 46),
(1570, '128 ГБ', 107, 46),
(1571, 'M.2 PCIe (2242)', 134, 46),
(1572, 'нет', 108, 46),
(1573, 'нет', 109, 46),
(1574, '1 Мп (720p)', 46, 46),
(1575, 'есть', 110, 46),
(1576, 'microSD', 111, 46),
(1577, 'нет', 112, 46),
(1578, 'WI-FI 5 (802.11ac)', 113, 46),
(1579, 'нет', 114, 46),
(1580, 'HDMI', 115, 46),
(1581, 'HDMI 1.4', 116, 46),
(1582, '3.5 мм jack (микрофон/аудио)', 117, 46),
(1583, 'USB 3.2 Gen1 x2', 118, 46),
(1584, 'нет', 119, 46),
(1585, 'нет', 120, 46),
(1586, 'нет', 121, 46),
(1587, 'нет', 122, 46),
(1588, 'Li-Ion', 123, 46),
(1589, '35 Вт*ч', 124, 46),
(1590, '7.5 ч', 131, 46),
(1591, '45 Вт', 135, 46),
(1592, 'есть', 125, 46),
(1593, 'документация, адаптер питания', 53, 46),
(1594, '200 мм', 126, 46),
(1595, '288 мм', 127, 46),
(1596, '17.9 мм', 128, 46),
(1597, '1.2 кг', 129, 46),
(1598, 'https://c.dns-shop.ru/thumb/st1/fit/300/300/6c2e256ec8edf9102cc5c46d6d5b8558/f65b6ae7f734bfff653eafbe6c36ed291db0ad1ff9e6c78aefe5540d0e7c0e56.jpg', 3, 47),
(1599, '12 мес.', 7, 47),
(1600, 'Echips Lite2', 9, 47),
(1601, '[NX140A-256]', 10, 47),
(1602, '2022', 130, 47),
(1603, 'Windows 10 Pro', 75, 47),
(1604, 'нет', 76, 47),
(1605, 'классический', 77, 47),
(1606, 'серый', 78, 47),
(1607, 'пластик', 80, 47),
(1608, 'пластик', 81, 47),
(1609, 'английская/русская', 82, 47),
(1610, 'нет', 83, 47),
(1611, 'нет', 84, 47),
(1612, 'стандартный тачпад', 85, 47),
(1613, 'нет', 86, 47),
(1614, 'есть', 87, 47),
(1615, 'TN+film', 88, 47),
(1616, '14.1\"', 13, 47),
(1617, 'HD (1366x768)', 89, 47),
(1618, 'матовое', 19, 47),
(1619, 'нет', 18, 47),
(1620, '60 Гц', 63, 47),
(1621, '111 ppi', 29, 47),
(1622, 'нет', 62, 47),
(1623, 'нет', 90, 47),
(1624, 'Intel Celeron N4020C', 91, 47),
(1625, '2', 92, 47),
(1626, '2', 93, 47),
(1627, 'нет', 94, 47),
(1628, '2', 95, 47),
(1629, '1.1 ГГц', 96, 47),
(1630, '2.8 ГГц', 97, 47),
(1631, 'DDR4', 98, 47),
(1632, '8 ГБ', 99, 47),
(1633, 'интегрированная', 100, 47),
(1634, '2666 МГц', 101, 47),
(1635, '8 ГБ', 102, 47),
(1636, 'нет', 103, 47),
(1637, 'встроенный', 104, 47),
(1638, 'Intel UHD Graphics 600', 105, 47),
(1639, 'нет', 106, 47),
(1640, '256 ГБ', 107, 47),
(1641, 'M.2 SATA', 134, 47),
(1642, 'нет', 108, 47),
(1643, 'нет', 109, 47),
(1644, '0.3 Мп (480p)', 46, 47),
(1645, 'есть', 110, 47),
(1646, 'microSD', 111, 47),
(1647, 'нет', 112, 47),
(1648, 'WI-FI 4 (802.11n)', 113, 47),
(1649, 'нет', 114, 47),
(1650, 'mini HDMI', 115, 47),
(1651, '3.5 мм jack (микрофон/аудио)', 117, 47),
(1652, 'USB 2.0, USB 3.2 Gen1', 118, 47),
(1653, 'нет', 119, 47),
(1654, 'нет', 120, 47),
(1655, 'нет', 121, 47),
(1656, 'нет', 122, 47),
(1657, 'Li-Ion', 123, 47),
(1658, '4500 мА*ч', 124, 47),
(1659, '5 ч', 131, 47),
(1660, '24 Вт', 135, 47),
(1661, 'есть', 125, 47),
(1662, 'раскрытие крышки на 180 градусов', 132, 47),
(1663, 'документация, адаптер питания', 53, 47),
(1664, '235 мм', 126, 47),
(1665, '355 мм', 127, 47),
(1666, '25 мм', 128, 47),
(1667, '1.5 кг', 129, 47),
(1668, 'https://c.dns-shop.ru/thumb/st1/fit/300/300/0f76328f9ea27642e2619fd94b38b18c/a463c1d419e9cb296e42a512041e7ded6496d056dc5bab748c779575232f6320.jpg', 3, 48),
(1669, '12 мес.', 7, 48),
(1670, 'Irbis NB703', 9, 48),
(1671, '2022', 130, 48),
(1672, 'Windows 10 Pro', 75, 48),
(1673, 'нет', 76, 48),
(1674, 'классический', 77, 48),
(1675, 'белый', 78, 48),
(1676, 'пластик', 80, 48),
(1677, 'пластик', 81, 48),
(1678, 'английская/русская', 82, 48),
(1679, 'есть', 83, 48),
(1680, 'нет', 84, 48),
(1681, 'стандартный тачпад', 85, 48),
(1682, 'нет', 86, 48),
(1683, 'нет', 87, 48),
(1684, 'TN+film', 88, 48),
(1685, '17.3\"', 13, 48),
(1686, '1600x900', 89, 48),
(1687, 'матовое', 19, 48),
(1688, 'нет', 18, 48),
(1689, '180 Кд/м²', 22, 48),
(1690, '106 ppi', 29, 48),
(1691, 'нет', 62, 48),
(1692, 'нет', 90, 48),
(1693, 'Intel Pentium J3710', 91, 48),
(1694, '4', 92, 48),
(1695, '4', 93, 48),
(1696, '4', 95, 48),
(1697, '1.6 ГГц', 96, 48),
(1698, '2.64 ГГц', 97, 48),
(1699, 'LPDDR4', 98, 48),
(1700, '4 ГБ', 99, 48),
(1701, 'встроенный', 104, 48),
(1702, 'Intel UHD Graphics 600', 105, 48),
(1703, 'нет', 106, 48),
(1704, 'нет', 107, 48),
(1705, 'нет', 108, 48),
(1706, '128 ГБ', 109, 48),
(1707, '2 Мп (1080p)', 46, 48),
(1708, 'есть', 110, 48),
(1709, 'microSD', 111, 48),
(1710, 'нет', 112, 48),
(1711, 'WI-FI 4 (802.11n)', 113, 48),
(1712, 'LAN 1 Гбит/с', 114, 48),
(1713, 'micro HDMI', 115, 48),
(1714, '3.5 мм jack (микрофон/аудио)', 117, 48),
(1715, 'USB 2.0, USB 3.2 Gen1', 118, 48),
(1716, 'нет', 119, 48),
(1717, 'нет', 120, 48),
(1718, 'нет', 122, 48),
(1719, 'Li-Ion', 123, 48),
(1720, '4500 мА*ч', 124, 48),
(1721, 'документация', 53, 48),
(1722, '265.2 мм', 126, 48),
(1723, '413 мм', 127, 48),
(1724, '22.2 мм', 128, 48),
(1725, '1.98 кг', 129, 48),
(1726, 'https://c.dns-shop.ru/thumb/st1/fit/300/300/8250b1bc751c1df511361c0a2d0ac23a/719706c4cd40d38d6bc9e3074610d41547aa9a0d5e28edc5e41485f6e93e3b0e.jpg', 3, 49),
(1727, '12 мес.', 7, 49),
(1728, 'Irbis NB275', 9, 49),
(1729, '[NB275]', 10, 49),
(1730, '2021', 130, 49),
(1731, 'Windows 10 Home Single Language', 75, 49),
(1732, 'нет', 76, 49),
(1733, 'классический', 77, 49),
(1734, 'черный', 78, 49),
(1735, 'пластик', 80, 49),
(1736, 'пластик', 81, 49),
(1737, 'английская/русская', 82, 49),
(1738, 'нет', 83, 49),
(1739, 'нет', 84, 49),
(1740, 'стандартный тачпад', 85, 49),
(1741, 'нет', 86, 49),
(1742, 'нет', 87, 49),
(1743, 'IPS', 88, 49),
(1744, '15.6\"', 13, 49),
(1745, 'Full HD (1920x1080)', 89, 49),
(1746, 'матовое', 19, 49),
(1747, 'нет', 18, 49),
(1748, '60 Гц', 63, 49),
(1749, '180 Кд/м²', 22, 49),
(1750, '141 ppi', 29, 49),
(1751, 'нет', 62, 49),
(1752, 'Intel Pentium J3710', 91, 49),
(1753, '4', 92, 49),
(1754, '4', 93, 49),
(1755, 'нет', 94, 49),
(1756, '4', 95, 49),
(1757, '1.6 ГГц', 96, 49),
(1758, '2.64 ГГц', 97, 49),
(1759, 'DDR3L', 98, 49),
(1760, '4 ГБ', 99, 49),
(1761, '1600 МГц', 101, 49),
(1762, 'встроенный', 104, 49),
(1763, 'Intel HD Graphics', 105, 49),
(1764, 'нет', 106, 49),
(1765, 'нет', 107, 49),
(1766, 'нет', 108, 49),
(1767, '128 ГБ', 109, 49),
(1768, '0.3 Мп (480p)', 46, 49),
(1769, 'есть', 110, 49),
(1770, 'microSD', 111, 49),
(1771, 'нет', 112, 49),
(1772, 'WI-FI 4 (802.11n)', 113, 49),
(1773, 'нет', 114, 49),
(1774, 'mini HDMI', 115, 49),
(1775, 'HDMI 1.4', 116, 49),
(1776, '3.5 мм jack (микрофон/аудио)', 117, 49),
(1777, 'USB 2.0, USB 3.2 Gen1', 118, 49),
(1778, 'нет', 119, 49),
(1779, 'нет', 120, 49),
(1780, 'нет', 121, 49),
(1781, 'нет', 122, 49),
(1782, 'Li-Ion', 123, 49),
(1783, '4500 мА*ч', 124, 49),
(1784, '4.5 ч', 131, 49),
(1785, '5 книг от Литрес в подарок, подписка на Яндекс.Плюс 90 дней', 132, 49),
(1786, 'документация, адаптер питания', 53, 49),
(1787, '238.9 мм', 126, 49),
(1788, '370.8 мм', 127, 49),
(1789, '22.4 мм', 128, 49),
(1790, '1.57 кг', 129, 49),
(1791, 'https://c.dns-shop.ru/thumb/st4/fit/300/300/6b31ccd6250a253d22f9273498973c5d/3274186c4d92506bff714392bd8682aad9f4900931e07b4de75fbe1c014165f2.jpg', 3, 50),
(1792, '12 мес.', 7, 50),
(1793, 'Китай', 68, 50),
(1794, 'Irbis NB276', 9, 50),
(1795, '[NB276]', 10, 50),
(1796, '2022', 130, 50),
(1797, 'Windows 10 Home Single Language', 75, 50),
(1798, 'нет', 76, 50),
(1799, 'классический', 77, 50),
(1800, 'серый', 78, 50),
(1801, 'пластик', 80, 50),
(1802, 'пластик', 81, 50),
(1803, 'английская/русская', 82, 50),
(1804, 'есть', 83, 50),
(1805, 'нет', 84, 50),
(1806, 'стандартный тачпад', 85, 50),
(1807, 'нет', 86, 50),
(1808, 'нет', 87, 50),
(1809, 'IPS', 88, 50),
(1810, '15.6\"', 13, 50),
(1811, 'Full HD (1920x1080)', 89, 50),
(1812, 'матовое', 19, 50),
(1813, 'нет', 18, 50),
(1814, '60 Гц', 63, 50),
(1815, '141 ppi', 29, 50),
(1816, 'нет', 62, 50),
(1817, 'NTSC 45%', 133, 50),
(1818, 'Intel Pentium J3710', 91, 50),
(1819, '4', 92, 50),
(1820, '4', 93, 50),
(1821, 'нет', 94, 50),
(1822, '4', 95, 50),
(1823, '1.6 ГГц', 96, 50),
(1824, '2.64 ГГц', 97, 50),
(1825, 'LPDDR3', 98, 50),
(1826, '4 ГБ', 99, 50),
(1827, 'интегрированная', 100, 50),
(1828, '4 ГБ', 102, 50),
(1829, 'нет', 103, 50),
(1830, 'встроенный', 104, 50),
(1831, 'Intel HD Graphics', 105, 50),
(1832, 'нет', 106, 50),
(1833, 'нет', 107, 50),
(1834, 'нет', 108, 50),
(1835, '128 ГБ', 109, 50),
(1836, '0.3 Мп (480p)', 46, 50),
(1837, 'есть', 110, 50),
(1838, 'microSD', 111, 50);
INSERT INTO `product_properties` (`IdProductProperties`, `Value`, `IdCharacteristic`, `IdProduct`) VALUES
(1839, 'нет', 112, 50),
(1840, 'WI-FI 4 (802.11n)', 113, 50),
(1841, 'нет', 114, 50),
(1842, 'mini HDMI', 115, 50),
(1843, 'HDMI 1.4', 116, 50),
(1844, '3.5 мм jack (аудио)', 117, 50),
(1845, 'USB 3.2 Gen1 x2', 118, 50),
(1846, 'нет', 119, 50),
(1847, 'нет', 120, 50),
(1848, 'нет', 121, 50),
(1849, 'нет', 122, 50),
(1850, 'Li-Ion', 123, 50),
(1851, '4500 мА*ч', 124, 50),
(1852, 'документация, адаптер питания', 53, 50),
(1853, '238 мм', 126, 50),
(1854, '370 мм', 127, 50),
(1855, '22.4 мм', 128, 50),
(1856, '1.56 кг', 129, 50),
(1857, 'https://c.dns-shop.ru/thumb/st4/fit/300/300/0f1ee0f819fcd36a5244eee09d91e33e/11d705fa1bfc5f6b5ce536034550fbc0151fd8cf3675bb08177104c345e274ce.jpg', 3, 51),
(1858, '12 мес.', 7, 51),
(1859, 'ASUS Laptop E210MA-GJ338T', 9, 51),
(1860, '[90NB0R44-M12950]', 10, 51),
(1861, '2021', 130, 51),
(1862, 'Windows 10 Home Single Language', 75, 51),
(1863, 'нет', 76, 51),
(1864, 'классический', 77, 51),
(1865, 'черный', 78, 51),
(1866, 'пластик', 80, 51),
(1867, 'пластик', 81, 51),
(1868, 'английская/русская', 82, 51),
(1869, 'нет', 83, 51),
(1870, 'нет', 84, 51),
(1871, 'сенсорный NumPad', 85, 51),
(1872, 'нет', 86, 51),
(1873, 'нет', 87, 51),
(1874, 'TN+film', 88, 51),
(1875, '11.6\"', 13, 51),
(1876, 'HD (1366x768)', 89, 51),
(1877, 'матовое', 19, 51),
(1878, 'нет', 18, 51),
(1879, '60 Гц', 63, 51),
(1880, '200 Кд/м²', 22, 51),
(1881, '135 ppi', 29, 51),
(1882, 'нет', 62, 51),
(1883, 'NTSC 45%', 133, 51),
(1884, 'Intel Celeron N4020', 91, 51),
(1885, '2', 92, 51),
(1886, '2', 93, 51),
(1887, 'нет', 94, 51),
(1888, '2', 95, 51),
(1889, '1.1 ГГц', 96, 51),
(1890, '2.8 ГГц', 97, 51),
(1891, 'DDR4', 98, 51),
(1892, '4 ГБ', 99, 51),
(1893, 'интегрированная', 100, 51),
(1894, '2400 МГц', 101, 51),
(1895, 'нет', 103, 51),
(1896, 'встроенный', 104, 51),
(1897, 'Intel UHD Graphics 600', 105, 51),
(1898, 'нет', 106, 51),
(1899, 'нет', 107, 51),
(1900, 'нет', 108, 51),
(1901, '128 ГБ', 109, 51),
(1902, '1 Мп (720p)', 46, 51),
(1903, 'есть', 110, 51),
(1904, 'нет', 111, 51),
(1905, 'нет', 112, 51),
(1906, 'WI-FI 5 (802.11ac)', 113, 51),
(1907, 'нет', 114, 51),
(1908, 'HDMI', 115, 51),
(1909, 'HDMI 1.4', 116, 51),
(1910, '3.5 мм jack (микрофон/аудио)', 117, 51),
(1911, 'USB 2.0, USB 3.2 Gen1', 118, 51),
(1912, 'USB 3.2 Gen1', 119, 51),
(1913, 'нет', 120, 51),
(1914, 'нет', 121, 51),
(1915, 'нет', 122, 51),
(1916, 'Li-Ion', 123, 51),
(1917, '38 Вт*ч', 124, 51),
(1918, '33 Вт', 135, 51),
(1919, 'есть', 125, 51),
(1920, 'раскрытие крышки на 180 градусов', 132, 51),
(1921, 'документация, адаптер питания', 53, 51),
(1922, '191 мм', 126, 51),
(1923, '279 мм', 127, 51),
(1924, '16.9 мм', 128, 51),
(1925, '1.05 кг', 129, 51),
(1926, 'https://img.mvideo.ru/Big/30065463bb.jpg', 3, 52),
(1927, '12 мес.', 7, 52),
(1928, 'Irbis NB658', 9, 52),
(1929, '[NB658]', 10, 52),
(1930, '2022', 130, 52),
(1931, 'Windows 10 Pro', 75, 52),
(1932, 'нет', 76, 52),
(1933, 'классический', 77, 52),
(1934, 'черный', 78, 52),
(1935, 'черный', 79, 52),
(1936, 'алюминий', 80, 52),
(1937, 'алюминий', 81, 52),
(1938, 'английская/русская', 82, 52),
(1939, 'нет', 83, 52),
(1940, 'нет', 84, 52),
(1941, 'стандартный тачпад', 85, 52),
(1942, 'нет', 86, 52),
(1943, 'нет', 87, 52),
(1944, 'IPS', 88, 52),
(1945, '13.5\"', 13, 52),
(1946, '3000x2000', 89, 52),
(1947, 'матовое', 19, 52),
(1948, 'нет', 18, 52),
(1949, '60 Гц', 63, 52),
(1950, '267 ppi', 29, 52),
(1951, 'нет', 62, 52),
(1952, 'нет', 90, 52),
(1953, 'Intel Pentium J3710', 91, 52),
(1954, '4', 92, 52),
(1955, '4', 93, 52),
(1956, 'нет', 94, 52),
(1957, '4', 95, 52),
(1958, '1.6 ГГц', 96, 52),
(1959, '2.64 ГГц', 97, 52),
(1960, 'DDR3L', 98, 52),
(1961, '4 ГБ', 99, 52),
(1962, '1600 МГц', 101, 52),
(1963, 'встроенный', 104, 52),
(1964, 'Intel HD Graphics', 105, 52),
(1965, 'нет', 106, 52),
(1966, 'нет', 107, 52),
(1967, 'нет', 108, 52),
(1968, '128 ГБ', 109, 52),
(1969, '1 Мп (720p)', 46, 52),
(1970, 'есть', 110, 52),
(1971, 'microSD', 111, 52),
(1972, 'нет', 112, 52),
(1973, 'WI-FI 4 (802.11n)', 113, 52),
(1974, 'нет', 114, 52),
(1975, 'mini HDMI', 115, 52),
(1976, 'HDMI 1.4', 116, 52),
(1977, '3.5 мм jack (микрофон/аудио)', 117, 52),
(1978, 'USB 3.2 Gen1 x2', 118, 52),
(1979, 'нет', 119, 52),
(1980, 'нет', 120, 52),
(1981, 'нет', 121, 52),
(1982, 'нет', 122, 52),
(1983, 'Li-Ion', 123, 52),
(1984, '5000 мА*ч', 124, 52),
(1985, '4.5 ч', 131, 52),
(1986, 'документация, адаптер питания', 53, 52),
(1987, '217 мм', 126, 52),
(1988, '302.2 мм', 127, 52),
(1989, '16 мм', 128, 52),
(1990, '1.185 кг', 129, 52),
(1991, 'https://c.dns-shop.ru/thumb/st4/fit/300/300/10d71250a85742ea789a8eabc20e7272/82f2d6d92cfb27f86e990029b145cf08acad4ffef47b8176c613bb8db8a9d8ef.jpg', 3, 53),
(1992, '12 мес.', 136, 53),
(1993, 'Lenovo IdeaPad 1 14ADA05', 9, 53),
(1994, '[82GW008BRK]', 10, 53),
(1995, '2021', 130, 53),
(1996, 'без ОС', 75, 53),
(1997, 'нет', 76, 53),
(1998, 'классический', 77, 53),
(1999, 'серый', 78, 53),
(2000, 'пластик', 80, 53),
(2001, 'пластик', 81, 53),
(2002, 'английская/русская', 82, 53),
(2003, 'нет', 83, 53),
(2004, 'нет', 84, 53),
(2005, 'стандартный тачпад', 85, 53),
(2006, 'нет', 86, 53),
(2007, 'нет', 87, 53),
(2008, 'IPS', 88, 53),
(2009, '14\"', 13, 53),
(2010, 'Full HD (1920x1080)', 89, 53),
(2011, 'матовое', 19, 53),
(2012, 'нет', 18, 53),
(2013, '60 Гц', 63, 53),
(2014, '250 Кд/м²', 22, 53),
(2015, '157 ppi', 29, 53),
(2016, 'нет', 62, 53),
(2017, 'NTSC 45%', 133, 53),
(2018, 'AMD Athlon Silver 3050e', 91, 53),
(2019, '2', 92, 53),
(2020, '2', 93, 53),
(2021, 'нет', 94, 53),
(2022, '4', 95, 53),
(2023, '1.4 ГГц', 96, 53),
(2024, '2.8 ГГц', 97, 53),
(2025, 'DDR4', 98, 53),
(2026, '4 ГБ', 99, 53),
(2027, 'интегрированная', 100, 53),
(2028, '2400 МГц', 101, 53),
(2029, '4 ГБ', 102, 53),
(2030, 'нет', 103, 53),
(2031, 'встроенный', 104, 53),
(2032, 'AMD Radeon Graphics', 105, 53),
(2033, 'нет', 106, 53),
(2034, '128 ГБ', 107, 53),
(2035, 'M.2 PCIe', 134, 53),
(2036, 'нет', 108, 53),
(2037, 'нет', 109, 53),
(2038, '1 Мп (720p)', 46, 53),
(2039, 'есть', 110, 53),
(2040, 'microSD', 111, 53),
(2041, 'нет', 112, 53),
(2042, 'WI-FI 5 (802.11ac)', 113, 53),
(2043, 'нет', 114, 53),
(2044, 'HDMI', 115, 53),
(2045, 'HDMI 1.4', 116, 53),
(2046, '3.5 мм jack (микрофон/аудио)', 117, 53),
(2047, 'USB 3.2 Gen1 x2', 118, 53),
(2048, 'нет', 119, 53),
(2049, 'нет', 120, 53),
(2050, 'нет', 121, 53),
(2051, 'нет', 122, 53),
(2052, 'Li-Ion', 123, 53),
(2053, '35 Вт*ч', 124, 53),
(2054, '7.3 ч', 131, 53),
(2055, '45 Вт', 135, 53),
(2056, 'есть', 125, 53),
(2057, 'быстрая зарядка', 132, 53),
(2058, 'документация, адаптер питания', 53, 53),
(2059, '235 мм', 126, 53),
(2060, '327.1 мм', 127, 53),
(2061, '19.9 мм', 128, 53),
(2062, '1.4 кг', 129, 53),
(2063, 'https://c.dns-shop.ru/thumb/st1/fit/300/300/14b91ca35beef4889d531ab036ff8116/9ae6811d13dad925d8f7d79a5e6aeefe7cc0be2de6357f95a2207a4e07bf34dd.jpg', 3, 54),
(2064, '12 мес.', 7, 54),
(2065, 'Acer Extensa 15 EX215-31-C3FF', 9, 54),
(2066, '[NX.EFTER.00D]', 10, 54),
(2067, '2020', 130, 54),
(2068, 'без ОС', 75, 54),
(2069, 'нет', 76, 54),
(2070, 'классический', 77, 54),
(2071, 'черный', 78, 54),
(2072, 'пластик', 80, 54),
(2073, 'пластик', 81, 54),
(2074, 'английская/русская', 82, 54),
(2075, 'есть', 83, 54),
(2076, 'нет', 84, 54),
(2077, 'стандартный тачпад', 85, 54),
(2078, 'нет', 86, 54),
(2079, 'нет', 87, 54),
(2080, 'TN+film', 88, 54),
(2081, '15.6\"', 13, 54),
(2082, 'Full HD (1920x1080)', 89, 54),
(2083, 'матовое', 19, 54),
(2084, 'нет', 18, 54),
(2085, '60 Гц', 63, 54),
(2086, '141 ppi', 29, 54),
(2087, 'нет', 62, 54),
(2088, 'Intel Celeron N4020', 91, 54),
(2089, '2', 92, 54),
(2090, '2', 93, 54),
(2091, 'нет', 94, 54),
(2092, '2', 95, 54),
(2093, '1.1 ГГц', 96, 54),
(2094, '2.8 ГГц', 97, 54),
(2095, 'DDR4', 98, 54),
(2096, '4 ГБ', 99, 54),
(2097, '1', 100, 54),
(2098, '2133 МГц', 101, 54),
(2099, 'нет', 103, 54),
(2100, 'встроенный', 104, 54),
(2101, 'Intel UHD Graphics', 105, 54),
(2102, 'нет', 106, 54),
(2103, '128 ГБ', 107, 54),
(2104, 'M.2 PCIe', 134, 54),
(2105, 'нет', 108, 54),
(2106, 'нет', 109, 54),
(2107, '0.3 Мп (480p)', 46, 54),
(2108, 'есть', 110, 54),
(2109, 'нет', 111, 54),
(2110, 'нет', 112, 54),
(2111, 'WI-FI 5 (802.11ac)', 113, 54),
(2112, 'LAN 1 Гбит/с', 114, 54),
(2113, 'HDMI', 115, 54),
(2114, 'HDMI 1.4', 116, 54),
(2115, '3.5 мм jack (микрофон/аудио)', 117, 54),
(2116, 'USB 3.2 Gen1, USB 2.0 x2', 118, 54),
(2117, 'нет', 119, 54),
(2118, 'нет', 120, 54),
(2119, 'нет', 122, 54),
(2120, 'Li-Ion', 123, 54),
(2121, '4810 мА*ч', 124, 54),
(2122, '6.5 ч', 131, 54),
(2123, '45 Вт', 135, 54),
(2124, 'документация, адаптер питания', 53, 54),
(2125, '250.5 мм', 126, 54),
(2126, '363.4 мм', 127, 54),
(2127, '19.9 мм', 128, 54),
(2128, '1.94 кг', 129, 54),
(2129, 'https://c.dns-shop.ru/thumb/st4/fit/300/300/27e467bf266584d990475baea65f02ca/5197fae8a66b4fed81cb616737624d27a4c99944aa349747d3c86f504d26d3f1.jpg', 3, 55),
(2130, '12 мес.', 136, 55),
(2131, 'Lenovo IdeaPad 3 15ADA05', 9, 55),
(2132, '2020', 130, 55),
(2133, 'без ОС', 75, 55),
(2134, 'нет', 76, 55),
(2135, 'классический', 77, 55),
(2136, 'серый', 78, 55),
(2137, 'пластик', 80, 55),
(2138, 'пластик', 81, 55),
(2139, 'английская/русская', 82, 55),
(2140, 'есть', 83, 55),
(2141, 'нет', 84, 55),
(2142, 'стандартный тачпад', 85, 55),
(2143, 'нет', 86, 55),
(2144, 'нет', 87, 55),
(2145, 'TN+film', 88, 55),
(2146, '15.6\"', 13, 55),
(2147, 'HD (1366x768)', 89, 55),
(2148, 'матовое', 19, 55),
(2149, 'нет', 18, 55),
(2150, '60 Гц', 63, 55),
(2151, '220 Кд/м²', 22, 55),
(2152, '100 ppi', 29, 55),
(2153, 'нет', 62, 55),
(2154, 'NTSC 45%', 133, 55),
(2155, 'AMD Athlon Silver 3050U', 91, 55),
(2156, '2', 93, 55),
(2157, '2', 95, 55),
(2158, '2.3 ГГц', 96, 55),
(2159, '3.2 ГГц', 97, 55),
(2160, 'DDR4', 98, 55),
(2161, '4 ГБ', 99, 55),
(2162, 'интегрированная + 1 слот', 100, 55),
(2163, '2400 МГц', 101, 55),
(2164, '12 ГБ', 102, 55),
(2165, '1', 103, 55),
(2166, 'встроенный', 104, 55),
(2167, 'AMD Radeon Graphics', 105, 55),
(2168, 'нет', 106, 55),
(2169, 'нет', 107, 55),
(2170, '1000 ГБ', 108, 55),
(2171, '5400 об/мин', 137, 55),
(2172, 'нет', 109, 55),
(2173, '0.3 Мп (480p)', 46, 55),
(2174, 'есть', 110, 55),
(2175, 'SD', 111, 55),
(2176, 'нет', 112, 55),
(2177, 'WI-FI 5 (802.11ac)', 113, 55),
(2178, 'нет', 114, 55),
(2179, 'HDMI', 115, 55),
(2180, 'HDMI 1.4b', 116, 55),
(2181, '3.5 мм jack (микрофон/аудио)', 117, 55),
(2182, 'USB 2.0, USB 3.2 Gen1 x2', 118, 55),
(2183, 'нет', 119, 55),
(2184, 'нет', 120, 55),
(2185, 'нет', 122, 55),
(2186, 'Li-Pol', 123, 55),
(2187, '35 Вт*ч', 124, 55),
(2188, '9.6 ч', 131, 55),
(2189, '65 Вт', 135, 55),
(2190, 'шторка веб-камеры', 132, 55),
(2191, 'документация, адаптер питания', 53, 55),
(2192, '253.4 мм', 126, 55),
(2193, '362.2 мм', 127, 55),
(2194, '19.9 мм', 128, 55),
(2195, '1.85 кг', 129, 55),
(2196, 'https://c.dns-shop.ru/thumb/st1/fit/300/300/d71ecce7a3757e84569093ffdd3a42dc/233950ffcb1766104ac3d9f4aa213866b8b5c03da3dcb34fd77af0ec713597fa.jpg', 3, 56),
(2197, '12 мес.', 7, 56),
(2198, 'Китай', 68, 56),
(2199, 'Acer Aspire 3 A315-34-C1QD', 9, 56),
(2200, '[NX.HE3ER.017]', 10, 56),
(2201, '2020', 130, 56),
(2202, 'без ОС', 75, 56),
(2203, 'нет', 76, 56),
(2204, 'классический', 77, 56),
(2205, 'черный', 78, 56),
(2206, 'пластик', 80, 56),
(2207, 'пластик', 81, 56),
(2208, 'английская/русская', 82, 56),
(2209, 'есть', 83, 56),
(2210, 'нет', 84, 56),
(2211, 'стандартный тачпад', 85, 56),
(2212, 'нет', 86, 56),
(2213, 'нет', 87, 56),
(2214, 'TN+film', 88, 56),
(2215, '15.6\"', 13, 56),
(2216, 'Full HD (1920x1080)', 89, 56),
(2217, 'матовое', 19, 56),
(2218, 'нет', 18, 56),
(2219, '60 Гц', 63, 56),
(2220, '220 Кд/м²', 22, 56),
(2221, '141 ppi', 29, 56),
(2222, 'нет', 62, 56),
(2223, 'NTSC 45%', 133, 56),
(2224, 'Intel Celeron N4000', 91, 56),
(2225, '2', 92, 56),
(2226, '2', 93, 56),
(2227, 'нет', 94, 56),
(2228, '2', 95, 56),
(2229, '1.1 ГГц', 96, 56),
(2230, '2.6 ГГц', 97, 56),
(2231, 'DDR4', 98, 56),
(2232, '4 ГБ', 99, 56),
(2233, '1', 100, 56),
(2234, '2133 МГц', 101, 56),
(2235, '12 ГБ', 102, 56),
(2236, 'встроенный', 104, 56),
(2237, 'Intel UHD Graphics 600', 105, 56),
(2238, 'нет', 106, 56),
(2239, '128 ГБ', 107, 56),
(2240, 'M.2 PCIe', 134, 56),
(2241, 'нет', 108, 56),
(2242, 'нет', 109, 56),
(2243, '0.3 Мп (480p)', 46, 56),
(2244, 'есть', 110, 56),
(2245, 'нет', 111, 56),
(2246, 'нет', 112, 56),
(2247, 'WI-FI 5 (802.11ac)', 113, 56),
(2248, 'LAN 1 Гбит/с', 114, 56),
(2249, 'HDMI', 115, 56),
(2250, '3.5 мм jack (микрофон/аудио)', 117, 56),
(2251, 'USB 3.2 Gen1, USB 2.0 x2', 118, 56),
(2252, 'нет', 119, 56),
(2253, 'нет', 120, 56),
(2254, 'нет', 121, 56),
(2255, 'нет', 122, 56),
(2256, 'Li-Ion', 123, 56),
(2257, '4810 мА*ч', 124, 56),
(2258, '6 ч', 131, 56),
(2259, '45 Вт', 135, 56),
(2260, 'документация, адаптер питания', 53, 56),
(2261, '250.5 мм', 126, 56),
(2262, '363.4 мм', 127, 56),
(2263, '19.9 мм', 128, 56),
(2264, '1.94 кг', 129, 56),
(2265, 'https://c.dns-shop.ru/thumb/st4/fit/300/300/9a9c16401e535348b040f5427269f7eb/1c736fe13ce55240e6c8253bcdb60d11e52a11c871ec3c66b82008cad95abc8d.jpg', 3, 57),
(2266, '12 мес.', 7, 57),
(2267, 'Китай', 68, 57),
(2268, 'HP 250 G7', 9, 57),
(2269, '[197V9EA]', 10, 57),
(2270, '2021', 130, 57),
(2271, 'без ОС', 75, 57),
(2272, 'нет', 76, 57),
(2273, 'классический', 77, 57),
(2274, 'серый', 78, 57),
(2275, 'пластик', 80, 57),
(2276, 'пластик', 81, 57),
(2277, 'английская/русская', 82, 57),
(2278, 'есть', 83, 57),
(2279, 'нет', 84, 57),
(2280, 'стандартный тачпад', 85, 57),
(2281, 'нет', 86, 57),
(2282, 'нет', 87, 57),
(2283, 'SVA (TN+film)', 88, 57),
(2284, '15.6\"', 13, 57),
(2285, 'Full HD (1920x1080)', 89, 57),
(2286, 'матовое', 19, 57),
(2287, 'нет', 18, 57),
(2288, '60 Гц', 63, 57),
(2289, '220 Кд/м²', 22, 57),
(2290, '141 ppi', 29, 57),
(2291, 'нет', 62, 57),
(2292, 'NTSC 45%', 133, 57),
(2293, 'Intel Celeron N4020', 91, 57),
(2294, '2', 92, 57),
(2295, '2', 93, 57),
(2296, 'нет', 94, 57),
(2297, '2', 95, 57),
(2298, '1.1 ГГц', 96, 57),
(2299, '2.8 ГГц', 97, 57),
(2300, 'DDR4', 98, 57),
(2301, '4 ГБ', 99, 57),
(2302, '2', 100, 57),
(2303, '2400 МГц', 101, 57),
(2304, '16 ГБ', 102, 57),
(2305, 'встроенный', 104, 57),
(2306, 'Intel UHD Graphics 600', 105, 57),
(2307, 'нет', 106, 57),
(2308, '128 ГБ', 107, 57),
(2309, 'M.2 PCIe', 134, 57),
(2310, 'нет', 108, 57),
(2311, 'нет', 109, 57),
(2312, '0.3 Мп (480p)', 46, 57),
(2313, 'есть', 110, 57),
(2314, 'SD', 111, 57),
(2315, 'нет', 112, 57),
(2316, 'WI-FI 5 (802.11ac)', 113, 57),
(2317, 'LAN 1 Гбит/с', 114, 57),
(2318, 'HDMI', 115, 57),
(2319, 'HDMI 1.4b', 116, 57),
(2320, '3.5 мм jack (микрофон/аудио)', 117, 57),
(2321, 'USB 2.0, USB 3.2 Gen1 x2', 118, 57),
(2322, 'нет', 119, 57),
(2323, 'нет', 120, 57),
(2324, 'нет', 121, 57),
(2325, 'нет', 122, 57),
(2326, 'Li-Ion', 123, 57),
(2327, '41 Вт*ч', 124, 57),
(2328, '45 Вт', 135, 57),
(2329, 'есть', 125, 57),
(2330, 'поддержка стандарта Miracast, быстрая зарядка', 132, 57),
(2331, 'документация, адаптер питания', 53, 57),
(2332, '246 мм', 126, 57),
(2333, '376 мм', 127, 57),
(2334, '22.5 мм', 128, 57),
(2335, '1.8 кг', 129, 57),
(2336, 'https://c.dns-shop.ru/thumb/st1/fit/300/300/1de739108ae506d6e63860c01cfdcee8/047a85197124a3643b8d6c9200f70bc08cc1ee348327689ee6d5b7af25c6e87f.jpg', 3, 58),
(2337, '12 мес.', 7, 58),
(2338, 'HP 250 G8', 9, 58),
(2339, '[27K08EA]', 10, 58),
(2340, '2021', 130, 58),
(2341, 'без ОС', 75, 58),
(2342, 'нет', 76, 58),
(2343, 'классический', 77, 58),
(2344, 'серый', 78, 58),
(2345, 'пластик', 80, 58),
(2346, 'пластик', 81, 58),
(2347, 'английская/русская', 82, 58),
(2348, 'есть', 83, 58),
(2349, 'нет', 84, 58),
(2350, 'стандартный тачпад', 85, 58),
(2351, 'нет', 86, 58),
(2352, 'нет', 87, 58),
(2353, 'SVA (TN+film)', 88, 58),
(2354, '15.6\"', 13, 58),
(2355, 'HD (1366x768)', 89, 58),
(2356, 'матовое', 19, 58),
(2357, 'нет', 18, 58),
(2358, '60 Гц', 63, 58),
(2359, '250 Кд/м²', 22, 58),
(2360, '100 ppi', 29, 58),
(2361, 'нет', 62, 58),
(2362, 'NTSC 45%', 133, 58),
(2363, 'Intel Celeron N4020', 91, 58),
(2364, '2', 92, 58),
(2365, '2', 93, 58),
(2366, 'нет', 94, 58),
(2367, '2', 95, 58),
(2368, '1.1 ГГц', 96, 58),
(2369, '2.8 ГГц', 97, 58),
(2370, 'DDR4', 98, 58),
(2371, '4 ГБ', 99, 58),
(2372, '2', 100, 58),
(2373, '2400 МГц', 101, 58),
(2374, '8 ГБ', 102, 58),
(2375, '1', 103, 58),
(2376, 'встроенный', 104, 58),
(2377, 'Intel UHD Graphics', 105, 58),
(2378, 'нет', 106, 58),
(2379, 'нет', 107, 58),
(2380, '500 ГБ', 108, 58),
(2381, '5400 об/мин', 137, 58),
(2382, 'нет', 109, 58),
(2383, '1 Мп (720p)', 46, 58),
(2384, 'есть', 110, 58),
(2385, 'SD', 111, 58),
(2386, 'нет', 112, 58),
(2387, 'WI-FI 4 (802.11n)', 113, 58),
(2388, 'LAN 1 Гбит/с', 114, 58),
(2389, 'HDMI', 115, 58),
(2390, 'HDMI 1.4b', 116, 58),
(2391, '3.5 мм jack (микрофон/аудио)', 117, 58),
(2392, 'USB 3.2 Gen1 x2', 118, 58),
(2393, 'USB 3.2 Gen1', 119, 58),
(2394, 'нет', 120, 58),
(2395, 'нет', 122, 58),
(2396, 'Li-Ion', 123, 58),
(2397, '3615 мА*ч', 124, 58),
(2398, '9 ч', 131, 58),
(2399, '45 Вт', 135, 58),
(2400, 'есть', 125, 58),
(2401, 'поддержка стандарта Miracast, быстрая зарядка', 132, 58),
(2402, 'документация, адаптер питания', 53, 58),
(2403, '242 мм', 126, 58),
(2404, '358 мм', 127, 58),
(2405, '19.9 мм', 128, 58),
(2406, '1.74 кг', 129, 58),
(2407, 'https://c.dns-shop.ru/thumb/st4/fit/300/300/538c1ded285d0e4dc7eb63584ea5f9df/d17ab68a20be94e90acb1862044cdb6d522bfdf529f3c4951a7b23f3c86b996d.jpg', 3, 59),
(2408, '12 мес.', 7, 59),
(2409, 'Lenovo IdeaPad 3 15IGL05', 9, 59),
(2410, '[81WQ00EMRK]', 10, 59),
(2411, '2021', 130, 59),
(2412, 'без ОС', 75, 59),
(2413, 'нет', 76, 59),
(2414, 'классический', 77, 59),
(2415, 'серый', 78, 59),
(2416, 'пластик', 80, 59),
(2417, 'пластик', 81, 59),
(2418, 'английская/русская', 82, 59),
(2419, 'есть', 83, 59),
(2420, 'нет', 84, 59),
(2421, 'стандартный тачпад', 85, 59),
(2422, 'нет', 86, 59),
(2423, 'нет', 87, 59),
(2424, 'TN+film', 88, 59),
(2425, '15.6\"', 13, 59),
(2426, 'HD (1366x768)', 89, 59),
(2427, 'матовое', 19, 59),
(2428, 'нет', 18, 59),
(2429, '60 Гц', 63, 59),
(2430, '220 Кд/м²', 22, 59),
(2431, '100 ppi', 29, 59),
(2432, 'нет', 62, 59),
(2433, 'NTSC 45%', 133, 59),
(2434, 'Intel Celeron N4020', 91, 59),
(2435, '2', 92, 59),
(2436, '2', 93, 59),
(2437, 'нет', 94, 59),
(2438, '2', 95, 59),
(2439, '1.1 ГГц', 96, 59),
(2440, '2.8 ГГц', 97, 59),
(2441, 'DDR4', 98, 59),
(2442, '4 ГБ', 99, 59),
(2443, 'интегрированная', 100, 59),
(2444, '2400 МГц', 101, 59),
(2445, '4 ГБ', 102, 59),
(2446, 'нет', 103, 59),
(2447, 'встроенный', 104, 59),
(2448, 'Intel UHD Graphics 600', 105, 59),
(2449, 'нет', 106, 59),
(2450, '256 ГБ', 107, 59),
(2451, 'M.2 PCIe', 134, 59),
(2452, 'нет', 108, 59),
(2453, 'нет', 109, 59),
(2454, '0.3 Мп (480p)', 46, 59),
(2455, 'есть', 110, 59),
(2456, 'SD', 111, 59),
(2457, 'нет', 112, 59),
(2458, 'WI-FI 5 (802.11ac)', 113, 59),
(2459, 'нет', 114, 59),
(2460, 'HDMI', 115, 59),
(2461, 'HDMI 1.4b', 116, 59),
(2462, '3.5 мм jack (микрофон/аудио)', 117, 59),
(2463, 'USB 2.0, USB 3.2 Gen1 x2', 118, 59),
(2464, 'нет', 119, 59),
(2465, 'нет', 120, 59),
(2466, 'нет', 122, 59),
(2467, 'Li-Pol', 123, 59),
(2468, '35 Вт*ч', 124, 59),
(2469, '14 ч', 131, 59),
(2470, '45 Вт', 135, 59),
(2471, 'есть', 125, 59),
(2472, 'раскрытие крышки на 180 градусов, быстрая зарядка, шторка веб-камеры', 132, 59),
(2473, 'документация, адаптер питания', 53, 59),
(2474, '253.4 мм', 126, 59),
(2475, '362.2 мм', 127, 59),
(2476, '19.9 мм', 128, 59),
(2477, '1.7 кг', 129, 59),
(2478, 'https://c.dns-shop.ru/thumb/st4/fit/300/300/0d6ff6d914b09f34b337c5742e88ec93/5b3d89aed2e2599415b888ea597b85a9552379fc1b35d15396f6ba9796ca4c89.jpg', 3, 60),
(2479, '12 мес.', 7, 60),
(2480, 'Lenovo IdeaPad S145-15API', 9, 60),
(2481, '[81UT00MARK]', 10, 60),
(2482, '2020', 130, 60),
(2483, 'без ОС', 75, 60),
(2484, 'нет', 76, 60),
(2485, 'классический', 77, 60),
(2486, 'серый', 78, 60),
(2487, 'пластик', 80, 60),
(2488, 'пластик', 81, 60),
(2489, 'английская/русская', 82, 60),
(2490, 'есть', 83, 60),
(2491, 'нет', 84, 60),
(2492, 'стандартный тачпад', 85, 60),
(2493, 'нет', 86, 60),
(2494, 'нет', 87, 60),
(2495, 'TN+film', 88, 60),
(2496, '15.6\"', 13, 60),
(2497, 'Full HD (1920x1080)', 89, 60),
(2498, 'матовое', 19, 60),
(2499, 'нет', 18, 60),
(2500, '60 Гц', 63, 60),
(2501, '220 Кд/м²', 22, 60),
(2502, '141 ppi', 29, 60),
(2503, 'нет', 62, 60),
(2504, 'AMD 3020e', 91, 60),
(2505, '2', 92, 60),
(2506, '2', 93, 60),
(2507, 'нет', 94, 60),
(2508, '2', 95, 60),
(2509, '1.2 ГГц', 96, 60),
(2510, '2.6 ГГц', 97, 60),
(2511, 'DDR4', 98, 60),
(2512, '4 ГБ', 99, 60),
(2513, '1', 100, 60),
(2514, '2400 МГц', 101, 60),
(2515, '8 ГБ', 102, 60),
(2516, 'нет', 103, 60),
(2517, 'встроенный', 104, 60),
(2518, 'AMD Radeon Graphics', 105, 60),
(2519, 'нет', 106, 60),
(2520, '128 ГБ', 107, 60),
(2521, 'M.2 PCIe', 134, 60),
(2522, 'нет', 108, 60),
(2523, 'нет', 109, 60),
(2524, '0.3 Мп (480p)', 46, 60),
(2525, 'есть', 110, 60),
(2526, 'SD', 111, 60),
(2527, 'нет', 112, 60),
(2528, 'WI-FI 5 (802.11ac)', 113, 60),
(2529, 'нет', 114, 60),
(2530, 'HDMI', 115, 60),
(2531, 'HDMI 1.4b', 116, 60),
(2532, '3.5 мм jack (микрофон/аудио)', 117, 60),
(2533, 'USB 2.0, USB 3.2 Gen1 x2', 118, 60),
(2534, 'нет', 119, 60),
(2535, 'нет', 120, 60),
(2536, 'нет', 121, 60),
(2537, 'нет', 122, 60),
(2538, 'Li-Ion', 123, 60),
(2539, '30 Вт*ч', 124, 60),
(2540, '4 ч', 131, 60),
(2541, '65 Вт', 135, 60),
(2542, 'есть', 125, 60),
(2543, 'документация, адаптер питания', 53, 60),
(2544, '251.5 мм', 126, 60),
(2545, '362.2 мм', 127, 60),
(2546, '19.9 мм', 128, 60),
(2547, '1.85 кг', 129, 60),
(2548, 'https://c.dns-shop.ru/thumb/st1/fit/300/300/f07050c0be6c6ef93928c95c70c35308/5ff1907db5c8257b9f975d3434d9add9dab0c1798bb5f68f2370516c35f5d4f2.jpg', 3, 61),
(2549, '12 мес.', 7, 61),
(2550, 'Lenovo V15 ADA', 9, 61),
(2551, '[82C7009ERU]', 10, 61),
(2552, '2020', 130, 61),
(2553, 'без ОС', 75, 61),
(2554, 'нет', 76, 61),
(2555, 'классический', 77, 61),
(2556, 'серый', 78, 61),
(2557, 'пластик', 80, 61),
(2558, 'пластик', 81, 61),
(2559, 'английская/русская', 82, 61),
(2560, 'есть', 83, 61),
(2561, 'нет', 84, 61),
(2562, 'стандартный тачпад', 85, 61),
(2563, 'нет', 86, 61),
(2564, 'нет', 87, 61),
(2565, 'TN+film', 88, 61),
(2566, '15.6\"', 13, 61),
(2567, 'Full HD (1920x1080)', 89, 61),
(2568, 'матовое', 19, 61),
(2569, 'нет', 18, 61),
(2570, '60 Гц', 63, 61),
(2571, '220 Кд/м²', 22, 61),
(2572, '141 ppi', 29, 61),
(2573, 'нет', 62, 61),
(2574, 'NTSC 45%', 133, 61),
(2575, 'AMD 3020e', 91, 61),
(2576, '2', 92, 61),
(2577, '2', 93, 61),
(2578, 'нет', 94, 61),
(2579, '2', 95, 61),
(2580, '1.2 ГГц', 96, 61),
(2581, '2.6 ГГц', 97, 61),
(2582, 'DDR4', 98, 61),
(2583, '4 ГБ', 99, 61),
(2584, '1', 100, 61),
(2585, '2400 МГц', 101, 61),
(2586, '8 ГБ', 102, 61),
(2587, 'нет', 103, 61),
(2588, 'встроенный', 104, 61),
(2589, 'AMD Radeon Graphics', 105, 61),
(2590, 'нет', 106, 61),
(2591, '128 ГБ', 107, 61),
(2592, 'M.2 PCIe', 134, 61),
(2593, 'нет', 108, 61),
(2594, 'нет', 109, 61),
(2595, '0.3 Мп (480p)', 46, 61),
(2596, 'есть', 110, 61),
(2597, 'SD', 111, 61),
(2598, 'нет', 112, 61),
(2599, 'WI-FI 5 (802.11ac)', 113, 61),
(2600, 'нет', 114, 61),
(2601, 'HDMI', 115, 61),
(2602, 'HDMI 1.4b', 116, 61),
(2603, '3.5 мм jack (микрофон/аудио)', 117, 61),
(2604, 'USB 2.0, USB 3.2 Gen1 x2', 118, 61),
(2605, 'нет', 119, 61),
(2606, 'нет', 120, 61),
(2607, 'нет', 121, 61),
(2608, 'нет', 122, 61),
(2609, 'Li-Pol', 123, 61),
(2610, '35 Вт*ч', 124, 61),
(2611, '6 ч', 131, 61),
(2612, '65 Вт', 135, 61),
(2613, 'есть', 125, 61),
(2614, 'раскрытие крышки на 180 градусов', 132, 61),
(2615, 'документация, адаптер питания', 53, 61),
(2616, '251.5 мм', 126, 61),
(2617, '362.2 мм', 127, 61),
(2618, '19.9 мм', 128, 61),
(2619, '1.85 кг', 129, 61),
(2620, 'https://c.dns-shop.ru/thumb/st1/fit/300/300/c31de659d6d4cacfd86a2d6f036bcd85/2c903169e28545efe63a036b2b9baef0f0557f0d25f9d1f04f50d89e7ac6f510.jpg', 3, 62),
(2621, '12 мес.', 7, 62),
(2622, 'Lenovo V15 IGL', 9, 62),
(2623, '[82C3008JRU]', 10, 62),
(2624, '2021', 130, 62),
(2625, 'без ОС', 75, 62),
(2626, 'нет', 76, 62),
(2627, 'классический', 77, 62),
(2628, 'серый', 78, 62),
(2629, 'пластик', 80, 62),
(2630, 'пластик', 81, 62),
(2631, 'английская/русская', 82, 62),
(2632, 'есть', 83, 62),
(2633, 'нет', 84, 62),
(2634, 'стандартный тачпад', 85, 62),
(2635, 'нет', 86, 62),
(2636, 'нет', 87, 62),
(2637, 'TN+film', 88, 62),
(2638, '15.6\"', 13, 62),
(2639, 'HD (1366x768)', 89, 62),
(2640, 'матовое', 19, 62),
(2641, 'нет', 18, 62),
(2642, '60 Гц', 63, 62),
(2643, '220 Кд/м²', 22, 62),
(2644, '100 ppi', 29, 62),
(2645, 'нет', 62, 62),
(2646, 'Intel Celeron N4120', 91, 62),
(2647, '4', 92, 62),
(2648, '4', 93, 62),
(2649, 'нет', 94, 62),
(2650, '4', 95, 62),
(2651, '1.1 ГГц', 96, 62),
(2652, '2.6 ГГц', 97, 62),
(2653, 'DDR4', 98, 62),
(2654, '4 ГБ', 99, 62),
(2655, 'интегрированная', 100, 62),
(2656, '2400 МГц', 101, 62),
(2657, '4 ГБ', 102, 62),
(2658, 'нет', 103, 62),
(2659, 'встроенный', 104, 62),
(2660, 'Intel UHD Graphics 600', 105, 62),
(2661, 'нет', 106, 62),
(2662, 'нет', 107, 62),
(2663, '1000 ГБ', 108, 62),
(2664, '5400 об/мин', 137, 62),
(2665, 'нет', 109, 62),
(2666, '0.3 Мп (480p)', 46, 62),
(2667, 'есть', 110, 62),
(2668, 'SD', 111, 62),
(2669, 'нет', 112, 62),
(2670, 'WI-FI 5 (802.11ac)', 113, 62),
(2671, 'нет', 114, 62),
(2672, 'HDMI', 115, 62),
(2673, 'HDMI 1.4b', 116, 62),
(2674, '3.5 мм jack (микрофон/аудио)', 117, 62),
(2675, 'USB 2.0, USB 3.2 Gen1 x2', 118, 62),
(2676, 'нет', 119, 62),
(2677, 'нет', 120, 62),
(2678, 'нет', 121, 62),
(2679, 'нет', 122, 62),
(2680, 'Li-Pol', 123, 62),
(2681, '35 Вт*ч', 124, 62),
(2682, '6 ч', 131, 62),
(2683, '45 Вт', 135, 62),
(2684, 'есть', 125, 62),
(2685, 'документация, адаптер питания', 53, 62),
(2686, '251.5 мм', 126, 62),
(2687, '362.2 мм', 127, 62),
(2688, '19.9 мм', 128, 62),
(2689, '1.85 кг', 129, 62),
(2690, 'https://c.dns-shop.ru/thumb/st4/fit/300/300/7b8876eb2ca8cfffa8e2fb4b0f7a1140/2cb8c0608f98fda21e3f4dadbc62fede9df2fdbf51f1107723304e8b4aa24b37.jpg', 3, 63),
(2691, '12 мес.', 7, 63),
(2692, 'ASUS Laptop E410KA-BV1234W', 9, 63),
(2693, '[90NB0Q12-M40840]', 10, 63),
(2694, '2021', 130, 63),
(2695, 'Windows 11 Home Single Language', 75, 63),
(2696, 'нет', 76, 63),
(2697, 'классический', 77, 63),
(2698, 'белый', 78, 63),
(2699, 'пластик', 80, 63),
(2700, 'пластик', 81, 63),
(2701, 'английская/русская', 82, 63),
(2702, 'нет', 83, 63),
(2703, 'нет', 84, 63),
(2704, 'сенсорный NumPad', 85, 63),
(2705, 'нет', 86, 63),
(2706, 'нет', 87, 63),
(2707, 'TN+film', 88, 63),
(2708, '14\"', 13, 63),
(2709, 'HD (1366x768)', 89, 63),
(2710, 'матовое', 19, 63),
(2711, 'нет', 18, 63),
(2712, '60 Гц', 63, 63),
(2713, '200 Кд/м²', 22, 63),
(2714, '157 ppi', 29, 63),
(2715, 'нет', 62, 63),
(2716, 'NTSC 45%', 133, 63),
(2717, 'Intel Celeron N4020', 91, 63),
(2718, '2', 92, 63),
(2719, '2', 93, 63),
(2720, 'нет', 94, 63),
(2721, '2', 95, 63),
(2722, '1.1 ГГц', 96, 63),
(2723, '2.8 ГГц', 97, 63),
(2724, 'DDR4', 98, 63),
(2725, '4 ГБ', 99, 63),
(2726, 'интегрированная', 100, 63),
(2727, '2400 МГц', 101, 63),
(2728, '4 ГБ', 102, 63),
(2729, 'нет', 103, 63),
(2730, 'встроенный', 104, 63),
(2731, 'Intel UHD Graphics', 105, 63),
(2732, 'нет', 106, 63),
(2733, '128 ГБ', 107, 63),
(2734, 'M.2 PCIe', 134, 63),
(2735, 'нет', 108, 63),
(2736, 'нет', 109, 63),
(2737, '0.3 Мп (480p)', 46, 63),
(2738, 'есть', 110, 63),
(2739, 'нет', 111, 63),
(2740, 'нет', 112, 63),
(2741, 'WI-FI 5 (802.11ac)', 113, 63),
(2742, 'нет', 114, 63),
(2743, 'HDMI', 115, 63),
(2744, 'HDMI 1.4', 116, 63),
(2745, '3.5 мм jack (микрофон/аудио)', 117, 63),
(2746, 'USB 2.0, USB 3.2 Gen1', 118, 63),
(2747, 'USB 3.2 Gen1', 119, 63),
(2748, 'нет', 120, 63),
(2749, 'нет', 121, 63),
(2750, 'нет', 122, 63),
(2751, 'Li-Ion', 123, 63),
(2752, '42 Вт*ч', 124, 63),
(2753, '33 Вт', 135, 63),
(2754, 'есть', 125, 63),
(2755, 'раскрытие крышки на 180 градусов', 132, 63),
(2756, 'документация, адаптер питания', 53, 63),
(2757, '217 мм', 126, 63),
(2758, '325 мм', 127, 63),
(2759, '18.4 мм', 128, 63),
(2760, '1.3 кг', 129, 63),
(2761, 'https://c.dns-shop.ru/thumb/st4/fit/300/300/98a9ccbea9c7fd760a40c28cc67931a7/f51dcb83d2603a0d4caa3ec44cd77a6acde0292fb86aefb523fa39f42b7fbf2f.jpg', 3, 64),
(2762, '36 мес.', 7, 64),
(2763, 'Беларусь', 68, 64),
(2764, 'DEXP H24F7000E', 9, 64),
(2765, '220-240В ～ 50/60Гц', 138, 64),
(2766, 'черный', 139, 64),
(2767, 'черный', 140, 64),
(2768, '2019', 141, 64),
(2769, 'Direct LED', 142, 64),
(2770, 'нет', 143, 64),
(2771, '24\"', 13, 64),
(2772, '60 см', 144, 64),
(2773, 'HD, 1366x768', 89, 64),
(2774, '16:9', 145, 64),
(2775, 'HD 720p', 146, 64),
(2776, 'нет', 147, 64),
(2777, 'нет', 69, 64),
(2778, '60 Гц', 148, 64),
(2779, 'MVA', 149, 64),
(2780, '240 Кд/м²', 22, 64),
(2781, '3000', 23, 64),
(2782, '178° / 178°', 150, 64),
(2783, 'нет', 75, 64),
(2784, 'нет', 151, 64),
(2785, 'нет', 152, 64),
(2786, 'DVB-T', 153, 64),
(2787, 'есть', 154, 64),
(2788, '5 Вт', 155, 64),
(2789, 'Dolby Digital', 156, 64),
(2790, 'нет', 157, 64),
(2791, 'нет', 158, 64),
(2792, 'есть', 159, 64),
(2793, 'USB', 160, 64),
(2794, 'MKV, AVI, MPG, MP4, TS, MOV, VOB, DAT', 161, 64),
(2795, 'MP3, AC3, AAC', 162, 64),
(2796, 'JPEG, BMP, PNG, JPG', 163, 64),
(2797, '1', 164, 64),
(2798, 'HDMI 1.4', 165, 64),
(2799, 'композитный AV', 166, 64),
(2800, 'есть', 35, 64),
(2801, 'аудио S/PDIF (коаксиальный)', 167, 64),
(2802, '1', 34, 64),
(2803, 'есть', 168, 64),
(2804, 'нет', 169, 64),
(2805, 'нет', 170, 64),
(2806, 'нет', 114, 64),
(2807, 'нет', 171, 64),
(2808, 'нет', 172, 64),
(2809, 'нет', 64, 64),
(2810, 'нет', 173, 64),
(2811, 'есть', 174, 64),
(2812, 'есть', 175, 64),
(2813, 'есть', 176, 64),
(2814, 'нет', 177, 64),
(2815, 'есть', 178, 64),
(2816, '100 x 100', 40, 64),
(2817, '36 Вт', 179, 64),
(2818, 'настольная подставка, пульт ДУ, документация, батарейки', 53, 64),
(2819, 'USB 2.0', 132, 64),
(2820, '550 мм', 54, 64),
(2821, '330 мм', 55, 64),
(2822, '70 мм', 56, 64),
(2823, '2.3 кг', 57, 64),
(2824, '550 мм', 58, 64),
(2825, '380 мм', 180, 64),
(2826, '205 мм', 60, 64),
(2827, '2.4 кг', 61, 64),
(2828, '515 мм', 181, 64),
(2829, '623 мм', 182, 64),
(2830, '397 мм', 183, 64),
(2831, '132 мм', 184, 64),
(2832, '3.2 кг', 185, 64),
(2833, 'https://c.dns-shop.ru/thumb/st4/fit/300/300/9e7c6506810d660dafe033f054f28f1b/ac9f1237832c5104e76f8f37396c1a60da31ba3ed5c952073f428aab1acf0ac9.jpg', 3, 65),
(2834, '36 мес.', 7, 65),
(2835, 'DEXP H24H7000E', 9, 65),
(2836, '220-240В ～ 50Гц', 138, 65),
(2837, 'черный', 139, 65),
(2838, 'черный', 140, 65),
(2839, '2022', 141, 65),
(2840, 'Direct LED', 142, 65),
(2841, 'нет', 143, 65),
(2842, '24\"', 13, 65),
(2843, '60 см', 144, 65),
(2844, 'HD, 1366x768', 89, 65),
(2845, '16:9', 145, 65),
(2846, 'HD 720p', 146, 65),
(2847, 'нет', 69, 65),
(2848, '60 Гц', 148, 65),
(2849, 'VA', 149, 65),
(2850, '200 Кд/м²', 22, 65),
(2851, '3000', 23, 65),
(2852, '178° / 178°', 150, 65),
(2853, 'нет', 75, 65),
(2854, 'нет', 151, 65),
(2855, 'нет', 186, 65),
(2856, 'нет', 152, 65),
(2857, 'DVB-T', 153, 65),
(2858, 'есть', 154, 65),
(2859, '10 Вт', 155, 65),
(2860, 'Dolby Digital', 156, 65),
(2861, 'нет', 157, 65),
(2862, 'нет', 158, 65),
(2863, 'есть', 159, 65),
(2864, 'USB', 160, 65),
(2865, 'MKV, AVI, MPG, MP4, TS, MOV, VOB, DAT', 161, 65),
(2866, 'MP3, WMA', 162, 65),
(2867, 'JPEG, BMP, PNG', 163, 65),
(2868, '3', 164, 65),
(2869, 'HDMI 1.4', 165, 65),
(2870, 'композитный AV', 166, 65),
(2871, 'есть', 35, 65),
(2872, 'аудио S/PDIF (коаксиальный)', 167, 65),
(2873, '2', 34, 65),
(2874, 'есть', 168, 65),
(2875, 'нет', 169, 65),
(2876, 'нет', 170, 65),
(2877, 'нет', 114, 65),
(2878, 'есть', 187, 65),
(2879, 'нет', 171, 65),
(2880, 'нет', 172, 65),
(2881, 'нет', 64, 65),
(2882, 'нет', 173, 65),
(2883, 'есть', 174, 65),
(2884, 'есть', 188, 65),
(2885, 'есть', 175, 65),
(2886, 'есть', 176, 65),
(2887, 'нет', 189, 65),
(2888, 'нет', 177, 65),
(2889, 'есть', 178, 65),
(2890, '100 x 100', 40, 65),
(2891, 'по центру', 190, 65),
(2892, '30 Вт', 179, 65),
(2893, 'пульт ДУ, документация', 53, 65),
(2894, '551 мм', 54, 65),
(2895, '328 мм', 55, 65),
(2896, '76 мм', 56, 65),
(2897, '2.2 кг', 57, 65),
(2898, '551 мм', 58, 65),
(2899, '372 мм', 180, 65),
(2900, '225 мм', 60, 65),
(2901, '2.4 кг', 61, 65),
(2902, '317.5 мм', 191, 65),
(2903, '613 мм', 182, 65),
(2904, '399 мм', 183, 65),
(2905, '113 мм', 184, 65),
(2906, '3.5 кг', 185, 65),
(2907, 'https://c.dns-shop.ru/thumb/st4/fit/300/300/5ac2ec2476556d6e0d0bf0d087653181/3367e2d6abfaaa72e47cdec8523cd7775aa19f40cb658183e98ca47b29c4f0e6.jpg', 3, 66),
(2908, '36 мес.', 7, 66),
(2909, 'DEXP H24H7001E', 9, 66),
(2910, '220-240В ～ 50Гц', 138, 66),
(2911, 'черный', 139, 66),
(2912, 'черный', 140, 66),
(2913, '2022', 141, 66),
(2914, 'Direct LED', 142, 66),
(2915, 'нет', 192, 66),
(2916, 'нет', 143, 66),
(2917, '24\"', 13, 66),
(2918, '60 см', 144, 66),
(2919, 'HD, 1366x768', 89, 66),
(2920, '16:9', 145, 66),
(2921, 'HD 720p', 146, 66),
(2922, 'нет', 147, 66),
(2923, 'нет', 69, 66),
(2924, '60 Гц', 148, 66),
(2925, 'VA', 149, 66),
(2926, '220 Кд/м²', 22, 66),
(2927, '3000', 23, 66),
(2928, '178° / 178°', 150, 66),
(2929, 'нет', 75, 66),
(2930, 'нет', 151, 66),
(2931, 'нет', 186, 66),
(2932, 'нет', 152, 66),
(2933, 'DVB-T', 153, 66),
(2934, 'есть', 154, 66),
(2935, '10 Вт', 155, 66),
(2936, 'Dolby Digital', 156, 66),
(2937, 'нет', 157, 66),
(2938, 'нет', 158, 66),
(2939, 'есть', 159, 66),
(2940, 'USB', 160, 66),
(2941, 'MKV, AVI, MPG, TS, MOV, VOB, DAT', 161, 66),
(2942, 'MP3, WMA', 162, 66),
(2943, 'JPEG, BMP, PNG', 163, 66),
(2944, '3', 164, 66),
(2945, 'HDMI 1.4', 165, 66),
(2946, 'композитный AV', 166, 66),
(2947, 'есть', 35, 66),
(2948, '2', 34, 66),
(2949, 'есть', 168, 66),
(2950, 'нет', 169, 66),
(2951, 'нет', 170, 66),
(2952, 'нет', 114, 66),
(2953, 'есть', 187, 66),
(2954, 'нет', 171, 66),
(2955, 'нет', 172, 66),
(2956, 'нет', 64, 66),
(2957, 'нет', 173, 66),
(2958, 'есть', 174, 66),
(2959, 'есть', 188, 66),
(2960, 'нет', 175, 66),
(2961, 'нет', 176, 66),
(2962, 'нет', 189, 66),
(2963, 'нет', 177, 66),
(2964, 'нет', 193, 66),
(2965, 'есть', 178, 66),
(2966, '100 x 100', 40, 66),
(2967, 'по центру', 190, 66),
(2968, '36 Вт', 179, 66),
(2969, 'документация, пульт', 53, 66),
(2970, '551 мм', 54, 66),
(2971, '328 мм', 55, 66),
(2972, '76 мм', 56, 66),
(2973, '2.2 кг', 57, 66),
(2974, '551 мм', 58, 66),
(2975, '372 мм', 180, 66),
(2976, '225 мм', 60, 66),
(2977, '2.4 кг', 61, 66),
(2978, '318 мм', 191, 66),
(2979, '613 мм', 182, 66),
(2980, '399 мм', 183, 66),
(2981, '113 мм', 184, 66),
(2982, '3.5 кг', 185, 66),
(2983, 'https://c.dns-shop.ru/thumb/st4/fit/300/300/6c0020a522b9ce610cbb5b24835f75ca/388b1c111542142b581fde3e8e81cf2a672ac86e392964155878336dae186925.jpg', 3, 67),
(2984, '36 мес.', 7, 67),
(2985, 'Беларусь', 68, 67),
(2986, 'DEXP H32F7100C', 9, 67),
(2987, '220-240В ～ 50/60Гц', 138, 67),
(2988, 'черный', 139, 67),
(2989, 'черный', 140, 67),
(2990, '2020', 141, 67),
(2991, 'Direct LED', 142, 67),
(2992, 'нет', 143, 67),
(2993, '32\"', 13, 67),
(2994, '81 см', 144, 67),
(2995, 'HD, 1366x768', 89, 67),
(2996, '16:9', 145, 67),
(2997, 'HD 720p', 146, 67),
(2998, 'нет', 69, 67),
(2999, '60 Гц', 148, 67),
(3000, 'HVA', 149, 67),
(3001, '200 Кд/м²', 22, 67),
(3002, '3000', 23, 67),
(3003, '170° / 170°', 150, 67),
(3004, 'нет', 75, 67),
(3005, 'нет', 151, 67),
(3006, 'нет', 152, 67),
(3007, 'DVB-T', 153, 67),
(3008, 'есть', 154, 67),
(3009, '10 Вт', 155, 67),
(3010, 'Dolby Digital Plus', 156, 67),
(3011, 'нет', 157, 67),
(3012, 'есть', 158, 67),
(3013, 'есть', 159, 67),
(3014, 'USB', 160, 67),
(3015, 'MKV, AVI, MPG, MPEG2, MP4, TS, MOV, VOB, MPEG1, H.264, DAT, H.265, HEVC, H.263', 161, 67),
(3016, 'MP3, M4A, MP4', 162, 67),
(3017, 'JPEG, BMP, PNG, JPG', 163, 67),
(3018, '2', 164, 67),
(3019, 'HDMI 1.4', 165, 67),
(3020, 'антенный вход', 166, 67),
(3021, 'нет', 35, 67),
(3022, 'аудио S/PDIF (коаксиальный)', 167, 67),
(3023, '1', 34, 67),
(3024, 'есть', 168, 67),
(3025, 'нет', 169, 67),
(3026, 'нет', 170, 67),
(3027, 'нет', 114, 67),
(3028, 'есть', 187, 67),
(3029, 'нет', 171, 67),
(3030, 'нет', 172, 67),
(3031, 'нет', 64, 67),
(3032, 'нет', 173, 67),
(3033, 'есть', 174, 67),
(3034, 'есть', 175, 67),
(3035, 'есть', 176, 67),
(3036, 'нет', 177, 67),
(3037, 'есть', 178, 67),
(3038, '200 x 200', 40, 67),
(3039, 'по бокам', 190, 67),
(3040, 'настольная подставка, пульт ДУ, документация, батарейки', 53, 67),
(3041, 'USB 2.0', 132, 67),
(3042, '730 мм', 54, 67),
(3043, '434 мм', 55, 67),
(3044, '78 мм', 56, 67),
(3045, '3.6 кг', 57, 67),
(3046, '730 мм', 58, 67),
(3047, '476 мм', 180, 67),
(3048, '190 мм', 60, 67),
(3049, '3.9 кг', 61, 67),
(3050, '600 мм', 181, 67),
(3051, '795 мм', 182, 67),
(3052, '492 мм', 183, 67),
(3053, '115 мм', 184, 67),
(3054, '5.3 кг', 185, 67),
(3055, 'https://c.dns-shop.ru/thumb/st1/fit/300/300/e2c3cc4578704c1b1a375278d7d118c9/b87799e0b8f3b3dbd910c69ba4fedfe74e62d3453a4ff6c66e22b26ee85492ec.jpg', 3, 68),
(3056, '12 мес.', 7, 68),
(3057, 'Olto 24T20H', 9, 68),
(3058, '110-240В ～ 50/60Гц', 138, 68),
(3059, 'черный', 139, 68),
(3060, 'черный', 140, 68),
(3061, '2019', 141, 68),
(3062, 'Direct LED', 142, 68),
(3063, 'нет', 143, 68),
(3064, '24\"', 13, 68),
(3065, '60 см', 144, 68),
(3066, 'HD, 1366x768', 89, 68),
(3067, '16:9', 145, 68),
(3068, 'HD 720p', 146, 68),
(3069, 'нет', 147, 68),
(3070, '60 Гц', 148, 68),
(3071, '200 Кд/м²', 22, 68),
(3072, '6000', 23, 68),
(3073, '178° / 178°', 150, 68),
(3074, 'нет', 75, 68),
(3075, 'нет', 151, 68),
(3076, 'нет', 152, 68),
(3077, 'DVB-T', 153, 68),
(3078, 'есть', 154, 68),
(3079, '6 Вт', 155, 68),
(3080, 'нет', 157, 68),
(3081, 'нет', 158, 68),
(3082, 'есть', 159, 68),
(3083, 'USB', 160, 68),
(3084, 'Xvid, DivX, MKV, AVI, MPEG, MPEG2, MOV, VOB, FLV', 161, 68),
(3085, 'MP3, AC3, AAC, M4A', 162, 68),
(3086, 'JPEG, BMP, PNG', 163, 68),
(3087, '1', 164, 68),
(3088, 'HDMI 1.4', 165, 68),
(3089, 'SCART', 166, 68),
(3090, 'есть', 35, 68),
(3091, 'аудио S/PDIF', 167, 68),
(3092, '1', 34, 68),
(3093, 'есть', 168, 68),
(3094, 'нет', 169, 68),
(3095, 'нет', 170, 68),
(3096, 'нет', 114, 68),
(3097, 'нет', 64, 68),
(3098, 'есть', 188, 68),
(3099, 'есть', 175, 68),
(3100, 'есть', 176, 68),
(3101, 'есть', 178, 68),
(3102, 'по бокам', 190, 68),
(3103, '40 Вт', 179, 68),
(3104, 'пульт ДУ, документация, батарейки, винты', 53, 68),
(3105, 'таймер сна, телегид, субтитры,', 132, 68),
(3106, '75 мм', 56, 68),
(3107, '2.1 кг', 57, 68),
(3108, '555 мм', 58, 68),
(3109, '372 мм', 180, 68),
(3110, '2.2 кг', 61, 68),
(3111, '625 мм', 182, 68),
(3112, '390 мм', 183, 68),
(3113, '120 мм', 184, 68),
(3114, '2.3 кг', 185, 68),
(3115, 'https://c.dns-shop.ru/thumb/st4/fit/300/300/ef3f6e0508e0c879688da1c6854debfc/d63e33addde367022a52c9312691834e2b61035f239c6bba292c31e460ee9b7c.jpg', 3, 69),
(3116, '36 мес.', 7, 69),
(3117, 'DEXP H24G8100C', 9, 69),
(3118, '220-240В ～ 50Гц', 138, 69),
(3119, 'черный', 139, 69),
(3120, 'черный', 140, 69),
(3121, '2022', 141, 69),
(3122, 'Direct LED', 142, 69),
(3123, 'нет', 143, 69),
(3124, '24\"', 13, 69),
(3125, '60 см', 144, 69),
(3126, 'HD, 1366x768', 89, 69),
(3127, '16:9', 145, 69),
(3128, 'HD 720p', 146, 69),
(3129, 'нет', 147, 69),
(3130, 'нет', 69, 69),
(3131, '60 Гц', 148, 69),
(3132, 'VA', 149, 69),
(3133, '200 Кд/м²', 22, 69),
(3134, '3000', 23, 69),
(3135, '178° / 178°', 150, 69),
(3136, 'Салют ТВ', 75, 69),
(3137, 'есть', 151, 69),
(3138, 'встроенный', 152, 69),
(3139, '4 (802.11n)', 194, 69),
(3140, 'DVB-T', 153, 69),
(3141, 'нет', 154, 69),
(3142, '2 Вт', 155, 69),
(3143, 'Dolby Digital', 156, 69),
(3144, 'нет', 157, 69),
(3145, 'нет', 158, 69),
(3146, 'есть', 159, 69),
(3147, 'USB', 160, 69),
(3148, 'MPEG4, MKV, AVI, MPEG2, MP4, TS, MOV, H.264, DAT, VC-1', 161, 69),
(3149, 'MP3, AAC, M4A, WAV, MPEG1, MPEG2, LPCM', 162, 69),
(3150, 'JPEG, BMP, PNG, GIF', 163, 69),
(3151, '2', 164, 69),
(3152, 'HDMI 1.4', 165, 69),
(3153, 'композитный AV', 166, 69),
(3154, 'есть', 35, 69),
(3155, 'аудио S/PDIF (коаксиальный)', 167, 69),
(3156, '2', 34, 69),
(3157, 'есть', 168, 69),
(3158, 'нет', 169, 69),
(3159, 'есть', 170, 69),
(3160, 'есть', 114, 69),
(3161, 'есть', 187, 69),
(3162, 'нет', 172, 69),
(3163, 'нет', 64, 69),
(3164, 'нет', 173, 69),
(3165, 'есть', 174, 69),
(3166, 'есть', 188, 69),
(3167, 'нет', 175, 69),
(3168, 'нет', 176, 69),
(3169, 'нет', 177, 69),
(3170, 'есть', 178, 69),
(3171, '200 x 100', 40, 69),
(3172, 'по бокам', 190, 69),
(3173, '27 Вт', 179, 69),
(3174, 'пульт ДУ, кабель питания, документация', 53, 69),
(3175, '550 мм', 54, 69),
(3176, '330 мм', 55, 69),
(3177, '75 мм', 56, 69),
(3178, '2.2 кг', 57, 69),
(3179, '550 мм', 58, 69),
(3180, '365 мм', 180, 69),
(3181, '150 мм', 60, 69),
(3182, '2.4 кг', 61, 69),
(3183, '285 мм', 181, 69),
(3184, '605 мм', 182, 69),
(3185, '432 мм', 183, 69),
(3186, '116 мм', 184, 69),
(3187, '4.5 кг', 185, 69),
(3188, 'https://c.dns-shop.ru/thumb/st1/fit/300/300/ee5c4e91aa69d704cb7831f17095f7e2/848484351601039a600140983361856fd7f543156f5b0d8ca1a0efee6c802f5f.png', 3, 70),
(3189, '12 мес.', 7, 70),
(3190, 'Россия', 68, 70),
(3191, 'Econ EX-24HT008B', 9, 70),
(3192, '100-240В ～ 50/60Гц', 138, 70),
(3193, 'черный', 139, 70),
(3194, 'черный', 140, 70),
(3195, '2020', 141, 70),
(3196, 'Direct LED', 142, 70),
(3197, 'нет', 143, 70),
(3198, '24\"', 13, 70),
(3199, '60 см', 144, 70),
(3200, 'HD, 1366x768', 89, 70),
(3201, '16:9', 145, 70),
(3202, 'HD 720p', 146, 70),
(3203, 'нет', 147, 70),
(3204, 'нет', 69, 70),
(3205, '60 Гц', 148, 70),
(3206, '200 Кд/м²', 22, 70),
(3207, '80000', 23, 70),
(3208, '178° / 178°', 150, 70),
(3209, 'нет', 75, 70),
(3210, 'нет', 151, 70),
(3211, 'нет', 152, 70),
(3212, 'DVB-T2', 153, 70),
(3213, 'есть', 154, 70),
(3214, '6 Вт', 155, 70),
(3215, 'нет', 157, 70),
(3216, 'нет', 158, 70),
(3217, 'есть', 159, 70),
(3218, 'USB', 160, 70),
(3219, 'MKV, AVI, MPG, MP4, TS, MOV, VOB, DAT', 161, 70),
(3220, 'MP3, AC3, AAC', 162, 70),
(3221, 'JPEG, BMP, PNG, JPG', 163, 70),
(3222, '1', 164, 70),
(3223, 'HDMI 1.4', 165, 70),
(3224, 'композитный AV', 166, 70),
(3225, 'есть', 35, 70),
(3226, '1', 34, 70),
(3227, 'есть', 168, 70),
(3228, 'нет', 169, 70),
(3229, 'нет', 170, 70),
(3230, 'нет', 114, 70),
(3231, 'нет', 171, 70),
(3232, 'нет', 172, 70),
(3233, 'нет', 64, 70),
(3234, 'нет', 173, 70),
(3235, 'есть', 176, 70),
(3236, 'нет', 177, 70),
(3237, 'есть', 178, 70),
(3238, '100 x 100', 40, 70),
(3239, 'по бокам', 190, 70),
(3240, 'настольная подставка, пульт ДУ, документация, батарейки', 53, 70),
(3241, '555 мм', 54, 70),
(3242, '330 мм', 55, 70),
(3243, '75 мм', 56, 70),
(3244, '555 мм', 58, 70),
(3245, '362 мм', 180, 70),
(3246, '170 мм', 60, 70),
(3247, '592 мм', 182, 70),
(3248, '378 мм', 183, 70),
(3249, '120 мм', 184, 70),
(3250, '3.33 кг', 185, 70),
(3251, '3.6 кг', 57, 70),
(3252, '3.8 кг', 61, 70),
(3253, '440 мм', 181, 70),
(3254, 'https://c.dns-shop.ru/thumb/st4/fit/300/300/d9cae6b95fae7c70d76c16e5cedd72bd/700acdaf2be81388b8d06b84155e20f5a86401c4cdd8a303e7cec754dbd0bdae.jpg', 3, 71),
(3255, '12 мес.', 7, 71),
(3256, 'Беларусь', 68, 71),
(3257, 'Asano 24LH1110T', 9, 71),
(3258, '220-240В ～ 50/60Гц', 138, 71),
(3259, 'черный', 139, 71),
(3260, 'черный', 140, 71),
(3261, '2019', 141, 71),
(3262, 'Direct LED', 142, 71),
(3263, 'нет', 143, 71),
(3264, '24\"', 13, 71),
(3265, '60 см', 144, 71),
(3266, 'HD, 1366x768', 89, 71),
(3267, '16:9', 145, 71),
(3268, 'HD 720p', 146, 71),
(3269, 'нет', 147, 71),
(3270, 'нет', 69, 71),
(3271, '60 Гц', 148, 71),
(3272, 'VA', 149, 71),
(3273, '200 Кд/м²', 22, 71),
(3274, '1000', 23, 71),
(3275, '178° / 178°', 150, 71),
(3276, 'нет', 75, 71),
(3277, 'нет', 151, 71),
(3278, 'нет', 152, 71),
(3279, 'DVB-T', 153, 71),
(3280, 'есть', 154, 71),
(3281, '6 Вт', 155, 71),
(3282, 'нет', 157, 71),
(3283, 'есть', 158, 71),
(3284, 'есть', 159, 71),
(3285, 'USB', 160, 71),
(3286, 'MKV, AVI, MPG, MP4, MOV, VOB, DAT', 161, 71),
(3287, 'MP3, AC3, AAC', 162, 71),
(3288, 'BMP, PNG, JPG', 163, 71),
(3289, '1', 164, 71),
(3290, 'HDMI 1.4', 165, 71),
(3291, 'SCART', 166, 71),
(3292, 'есть', 35, 71),
(3293, 'аудио S/PDIF (коаксиальный)', 167, 71),
(3294, '1', 34, 71),
(3295, 'есть', 168, 71),
(3296, 'нет', 169, 71),
(3297, 'нет', 170, 71),
(3298, 'нет', 114, 71),
(3299, 'нет', 171, 71),
(3300, 'нет', 172, 71),
(3301, 'нет', 64, 71),
(3302, 'нет', 173, 71),
(3303, 'нет', 174, 71),
(3304, 'есть', 175, 71),
(3305, 'есть', 176, 71),
(3306, 'нет', 177, 71),
(3307, 'есть', 178, 71),
(3308, '100 x 100', 40, 71),
(3309, 'по центру', 190, 71),
(3310, '36 Вт', 179, 71),
(3311, 'настольная подставка, пульт ДУ, документация, батарейки', 53, 71),
(3312, 'родительский контроль', 132, 71),
(3313, '550.7 мм', 54, 71),
(3314, '335.3 мм', 55, 71),
(3315, '67.6 мм', 56, 71),
(3316, '2.4 кг', 57, 71),
(3317, '550.7 мм', 58, 71),
(3318, '367 мм', 180, 71),
(3319, '177 мм', 60, 71),
(3320, '628 мм', 182, 71),
(3321, '441 мм', 183, 71),
(3322, '98 мм', 184, 71),
(3323, '3.5 кг', 185, 71),
(3324, 'https://c.dns-shop.ru/thumb/st1/fit/300/300/7f1412b6b26c9db3195ee89ec0ed81e7/669abfc38202fda2b513fab99d2c0524520c6e0b16e4a85f962db509e8b99ddc.jpg', 3, 72),
(3325, '12 мес.', 7, 72),
(3326, 'Россия', 68, 72),
(3327, 'Econ EX-24HT009B', 9, 72),
(3328, '100-240В ～ 50/60Гц', 138, 72),
(3329, 'черный', 139, 72),
(3330, 'черный', 140, 72),
(3331, '2021', 141, 72),
(3332, 'Direct LED', 142, 72),
(3333, 'нет', 143, 72),
(3334, '24\"', 13, 72),
(3335, '60 см', 144, 72),
(3336, 'HD, 1366x768', 89, 72),
(3337, '16:9', 145, 72),
(3338, 'HD 720p', 146, 72),
(3339, 'нет', 147, 72),
(3340, 'нет', 69, 72),
(3341, '60 Гц', 148, 72),
(3342, '220 Кд/м²', 22, 72),
(3343, '80000', 23, 72),
(3344, '178° / 178°', 150, 72),
(3345, 'нет', 75, 72),
(3346, 'нет', 151, 72),
(3347, 'нет', 152, 72),
(3348, 'DVB-T2', 153, 72),
(3349, 'есть', 154, 72),
(3350, '10 Вт', 155, 72),
(3351, 'нет', 157, 72),
(3352, 'есть', 159, 72),
(3353, 'USB', 160, 72),
(3354, 'AVI', 161, 72),
(3355, 'MP3, AC3, AAC', 162, 72),
(3356, 'JPEG', 163, 72),
(3357, '1', 164, 72),
(3358, 'HDMI 1.4', 165, 72),
(3359, 'композитный AV', 166, 72),
(3360, 'есть', 35, 72),
(3361, 'аудио S/PDIF (коаксиальный)', 167, 72),
(3362, '1', 34, 72),
(3363, 'есть', 168, 72),
(3364, 'нет', 169, 72),
(3365, 'нет', 170, 72),
(3366, 'нет', 114, 72),
(3367, 'нет', 187, 72),
(3368, 'нет', 171, 72),
(3369, 'нет', 172, 72),
(3370, 'нет', 64, 72),
(3371, 'нет', 173, 72),
(3372, 'есть', 188, 72),
(3373, 'нет', 175, 72),
(3374, 'нет', 176, 72),
(3375, 'нет', 177, 72),
(3376, 'есть', 178, 72),
(3377, '100 x 100', 40, 72),
(3378, 'по бокам', 190, 72),
(3379, 'настольная подставка, пульт ДУ, документация', 53, 72),
(3380, '3D цифровой фильтр', 132, 72),
(3381, '555 мм', 54, 72),
(3382, '330 мм', 55, 72),
(3383, '79 мм', 56, 72),
(3384, '555 мм', 58, 72),
(3385, '360 мм', 180, 72),
(3386, '170 мм', 60, 72),
(3387, '626 мм', 182, 72),
(3388, '410 мм', 183, 72),
(3389, '126 мм', 184, 72),
(3390, '1 кг', 57, 72),
(3391, '1.2 кг', 61, 72),
(3392, '460 мм', 181, 72),
(3393, 'https://c.dns-shop.ru/thumb/st4/fit/300/300/909026c38e1e3e68d0ed95ec88de152f/45f04cd7b55de078a0b85c26f0b5f52347496ac546d68b58d6e36f1776139bbd.jpg', 3, 73),
(3394, '12 мес.', 7, 73),
(3395, 'Россия', 68, 73),
(3396, 'Prestigio PTV24SN04Z', 9, 73),
(3397, '220-240В ～ 50/60Гц', 138, 73),
(3398, 'черный', 139, 73),
(3399, 'черный', 140, 73),
(3400, '2020', 141, 73),
(3401, 'Direct LED', 142, 73),
(3402, 'нет', 143, 73),
(3403, '24\"', 13, 73),
(3404, '60 см', 144, 73),
(3405, 'HD, 1366x768', 89, 73),
(3406, '16:9', 145, 73),
(3407, 'HD 720p', 146, 73),
(3408, 'есть', 69, 73),
(3409, '60 Гц', 148, 73),
(3410, 'VA', 149, 73),
(3411, '200 Кд/м²', 22, 73),
(3412, '3000', 23, 73),
(3413, '178° / 178°', 150, 73),
(3414, 'нет', 75, 73),
(3415, 'нет', 151, 73),
(3416, 'нет', 152, 73),
(3417, 'DVB-T', 153, 73),
(3418, 'есть', 154, 73),
(3419, '6 Вт', 155, 73),
(3420, 'нет', 157, 73),
(3421, 'есть', 158, 73),
(3422, 'есть', 159, 73),
(3423, 'USB', 160, 73),
(3424, 'MPEG4, MKV, MPEG2, MPEG1', 161, 73),
(3425, 'MP3, WMA', 162, 73),
(3426, 'JPEG', 163, 73),
(3427, '1', 164, 73),
(3428, 'композитный AV', 166, 73),
(3429, 'есть', 35, 73),
(3430, 'аудио S/PDIF (коаксиальный)', 167, 73),
(3431, '1', 34, 73),
(3432, 'есть', 168, 73),
(3433, 'нет', 169, 73),
(3434, 'нет', 170, 73),
(3435, 'нет', 114, 73),
(3436, 'есть', 187, 73),
(3437, 'нет', 171, 73),
(3438, 'нет', 172, 73),
(3439, 'нет', 64, 73),
(3440, 'есть', 174, 73),
(3441, 'есть', 188, 73),
(3442, 'есть', 175, 73),
(3443, 'есть', 176, 73),
(3444, 'нет', 177, 73),
(3445, 'есть', 178, 73),
(3446, '100 x 100', 40, 73),
(3447, 'по бокам', 190, 73),
(3448, '36 Вт', 179, 73),
(3449, 'настольная подставка, пульт ДУ, документация, батарейки', 53, 73),
(3450, '3D цифровой фильтр', 132, 73),
(3451, '550 мм', 54, 73),
(3452, '330 мм', 55, 73),
(3453, '70 мм', 56, 73),
(3454, '2.2 кг', 57, 73),
(3455, '550 мм', 58, 73),
(3456, '365 мм', 180, 73),
(3457, '180 мм', 60, 73),
(3458, '2.3 кг', 61, 73),
(3459, '525 мм', 181, 73),
(3460, '585 мм', 182, 73),
(3461, '387 мм', 183, 73),
(3462, '102 мм', 184, 73),
(3463, 'https://c.dns-shop.ru/thumb/st4/fit/300/300/6c3bcb067cd23d8f2c0729089a004d50/66d5f27650d7944d4c24197412714903c05c645cafb9c77a08e8cd5281ae3533.jpg', 3, 74),
(3464, '36 мес.', 7, 74),
(3465, 'DEXP H32H7001C', 9, 74),
(3466, '220-240В ～ 50Гц', 138, 74),
(3467, 'черный', 139, 74),
(3468, 'черный', 140, 74),
(3469, '2022', 141, 74),
(3470, 'Direct LED', 142, 74),
(3471, 'нет', 143, 74),
(3472, '32\"', 13, 74),
(3473, '81 см', 144, 74),
(3474, 'HD, 1366x768', 89, 74),
(3475, '16:9', 145, 74),
(3476, 'HD 720p', 146, 74),
(3477, 'нет', 147, 74),
(3478, 'нет', 69, 74),
(3479, '60 Гц', 148, 74),
(3480, 'VA', 149, 74),
(3481, '200 Кд/м²', 22, 74),
(3482, '3000', 23, 74),
(3483, '178° / 178°', 150, 74),
(3484, 'фирменный интерфейс', 75, 74),
(3485, 'нет', 151, 74),
(3486, 'нет', 186, 74),
(3487, 'нет', 152, 74),
(3488, 'DVB-T', 153, 74),
(3489, 'есть', 154, 74),
(3490, '10 Вт', 155, 74),
(3491, 'нет', 157, 74),
(3492, 'нет', 158, 74),
(3493, 'есть', 159, 74),
(3494, 'USB', 160, 74),
(3495, 'MPEG4, MKV, AVI, MPG, MPEG2, MP4, TS, MPEG1, H.264, HEVC', 161, 74),
(3496, 'MP3, WMA, AC3, AAC, MPEG1, MPEG2, MP4', 162, 74),
(3497, 'JPEG, BMP, PNG, JPG', 163, 74),
(3498, '2', 164, 74),
(3499, 'HDMI 1.4', 165, 74),
(3500, 'композитный mini AV', 166, 74),
(3501, 'нет', 35, 74),
(3502, 'аудио S/PDIF (коаксиальный)', 167, 74),
(3503, '1', 34, 74),
(3504, 'есть', 168, 74),
(3505, 'нет', 169, 74),
(3506, 'нет', 170, 74),
(3507, 'нет', 114, 74),
(3508, 'есть', 187, 74),
(3509, 'нет', 171, 74),
(3510, 'нет', 172, 74),
(3511, 'нет', 64, 74),
(3512, 'нет', 173, 74),
(3513, 'есть', 174, 74),
(3514, 'есть', 188, 74),
(3515, 'есть', 175, 74),
(3516, 'есть', 176, 74),
(3517, 'нет', 189, 74),
(3518, 'нет', 177, 74),
(3519, 'есть', 178, 74),
(3520, '200 x 200', 40, 74),
(3521, 'по бокам', 190, 74),
(3522, '33 Вт', 179, 74),
(3523, 'пульт ДУ, документация', 53, 74),
(3524, '731 мм', 54, 74),
(3525, '435 мм', 55, 74),
(3526, '80 мм', 56, 74),
(3527, '3.75 кг', 57, 74),
(3528, '731 мм', 58, 74),
(3529, '481 мм', 180, 74),
(3530, '180 мм', 60, 74),
(3531, '3.8 кг', 61, 74),
(3532, '625 мм', 181, 74),
(3533, '795 мм', 182, 74),
(3534, '492 мм', 183, 74),
(3535, '115 мм', 184, 74),
(3536, '5.1 кг', 185, 74),
(3537, 'https://c.dns-shop.ru/thumb/st4/fit/300/300/14ca58ae19ff20eea0fe75918756a4fd/65e75cdcb12d60e44acb22bf42c95e52828ca132818a56ed7edff7c6e5b80ab2.png', 3, 75),
(3538, '12 мес.', 7, 75),
(3539, 'Vekta LD-24TR4011BT', 9, 75),
(3540, '110-242В ～ 50/60 Гц', 138, 75),
(3541, 'черный', 139, 75),
(3542, 'черный', 140, 75),
(3543, '2021', 141, 75),
(3544, 'Direct LED', 142, 75),
(3545, 'нет', 143, 75),
(3546, '24\"', 13, 75),
(3547, '60 см', 144, 75),
(3548, 'HD, 1366x768', 89, 75),
(3549, '16:9', 145, 75),
(3550, 'HD 720p', 146, 75),
(3551, '60 Гц', 148, 75),
(3552, '210 Кд/м²', 22, 75),
(3553, '1000', 23, 75),
(3554, '176° / 176°', 150, 75),
(3555, 'нет', 75, 75),
(3556, 'нет', 151, 75),
(3557, 'нет', 186, 75),
(3558, 'нет', 152, 75),
(3559, 'DVB-T', 153, 75),
(3560, 'есть', 154, 75),
(3561, '10 Вт', 155, 75),
(3562, 'NICAM Stereo', 156, 75),
(3563, 'нет', 157, 75),
(3564, 'есть', 158, 75),
(3565, 'есть', 159, 75),
(3566, 'USB', 160, 75),
(3567, 'Xvid, MKV, AVI, MOV', 161, 75),
(3568, 'MP3, AC3', 162, 75),
(3569, 'JPEG', 163, 75),
(3570, '1', 164, 75),
(3571, 'композитный AV', 166, 75),
(3572, 'есть', 35, 75),
(3573, 'аудио S/PDIF (коаксиальный)', 167, 75),
(3574, '1', 34, 75),
(3575, 'есть', 168, 75),
(3576, 'нет', 170, 75),
(3577, 'нет', 114, 75),
(3578, 'нет', 172, 75),
(3579, 'есть', 175, 75),
(3580, 'есть', 176, 75),
(3581, 'нет', 189, 75),
(3582, 'есть', 178, 75),
(3583, '75 x 75', 40, 75),
(3584, 'по бокам', 190, 75),
(3585, 'пульт ДУ, документация, батарейки, крепеж для подставки', 53, 75),
(3586, 'защита от детей', 132, 75),
(3587, '553 мм', 54, 75),
(3588, '335 мм', 55, 75),
(3589, '72 мм', 56, 75),
(3590, '553 мм', 58, 75),
(3591, '377 мм', 180, 75),
(3592, '211 мм', 60, 75),
(3593, 'https://c.dns-shop.ru/thumb/st1/fit/300/300/12b32f0c3e0f02248c5251dc4b0be89f/009c0d00fa27321cf0dd4e621a3aae97d8bd5959d76c52cbf6548bac9064b5de.jpg', 3, 76),
(3594, '36 мес.', 7, 76),
(3595, 'Беларусь', 68, 76),
(3596, 'DEXP H24F7000C/W', 9, 76),
(3597, '220-240В ～ 50/60Гц', 138, 76),
(3598, 'белый', 139, 76),
(3599, 'белый', 140, 76),
(3600, '2020', 141, 76),
(3601, 'Direct LED', 142, 76),
(3602, 'нет', 143, 76),
(3603, '24\"', 13, 76),
(3604, '60 см', 144, 76),
(3605, 'HD, 1366x768', 89, 76),
(3606, '16:9', 145, 76),
(3607, 'HD 720p', 146, 76),
(3608, 'нет', 147, 76),
(3609, 'нет', 69, 76),
(3610, '60 Гц', 148, 76),
(3611, 'MVA', 149, 76),
(3612, '200 Кд/м²', 22, 76),
(3613, '3000', 23, 76),
(3614, '170° / 170°', 150, 76),
(3615, 'нет', 75, 76);
INSERT INTO `product_properties` (`IdProductProperties`, `Value`, `IdCharacteristic`, `IdProduct`) VALUES
(3616, 'нет', 151, 76),
(3617, 'нет', 152, 76),
(3618, 'DVB-T', 153, 76),
(3619, 'есть', 154, 76),
(3620, '5 Вт', 155, 76),
(3621, 'Dolby Digital Plus', 156, 76),
(3622, 'нет', 157, 76),
(3623, 'есть', 158, 76),
(3624, 'есть', 159, 76),
(3625, 'USB', 160, 76),
(3626, 'MPEG4, MKV, AVI, MPG, MPEG2, MP4, TS, MOV, VOB, MPEG1, H.264, DAT, H.265, HEVC, VC-1, H.263', 161, 76),
(3627, 'MP3, M4A, MPEG1, MPEG2', 162, 76),
(3628, 'JPEG, BMP, PNG, JPG', 163, 76),
(3629, '2', 164, 76),
(3630, 'HDMI 1.4', 165, 76),
(3631, 'антенный вход', 166, 76),
(3632, 'есть', 35, 76),
(3633, 'аудио S/PDIF (коаксиальный)', 167, 76),
(3634, '1', 34, 76),
(3635, 'есть', 168, 76),
(3636, 'нет', 169, 76),
(3637, 'нет', 170, 76),
(3638, 'нет', 114, 76),
(3639, 'нет', 171, 76),
(3640, 'нет', 172, 76),
(3641, 'нет', 64, 76),
(3642, 'нет', 173, 76),
(3643, 'есть', 174, 76),
(3644, 'есть', 175, 76),
(3645, 'есть', 176, 76),
(3646, 'нет', 177, 76),
(3647, 'есть', 178, 76),
(3648, '200 x 100', 40, 76),
(3649, '25 Вт', 179, 76),
(3650, 'настольная подставка, пульт ДУ, документация, батарейки', 53, 76),
(3651, 'USB 2.0', 132, 76),
(3652, '550 мм', 54, 76),
(3653, '330 мм', 55, 76),
(3654, '70 мм', 56, 76),
(3655, '1.9 кг', 57, 76),
(3656, '550 мм', 58, 76),
(3657, '370 мм', 180, 76),
(3658, '150 мм', 60, 76),
(3659, '2 кг', 61, 76),
(3660, '250 мм', 181, 76),
(3661, '605 мм', 182, 76),
(3662, '430 мм', 183, 76),
(3663, '120 мм', 184, 76),
(3664, '3.3 кг', 185, 76),
(3665, 'https://c.dns-shop.ru/thumb/st4/fit/300/300/4305a4bce2e3e8bc4e2588d205e39476/d4fd7a164e354e74a61f1f2fb2773411e32be5a63de1858b06e8bb3df3565214.jpg', 3, 77),
(3666, '12 мес.', 7, 77),
(3667, 'Россия', 68, 77),
(3668, 'Candy Uno 24', 9, 77),
(3669, '[DH1VH1D00RU]', 10, 77),
(3670, '100-240В ～ 50/60Гц', 138, 77),
(3671, 'черный', 139, 77),
(3672, 'черный', 140, 77),
(3673, '2022', 141, 77),
(3674, 'Direct LED', 142, 77),
(3675, '24\"', 13, 77),
(3676, '61 см', 144, 77),
(3677, 'HD, 1366x768', 89, 77),
(3678, '16:9', 145, 77),
(3679, 'HD 720p', 146, 77),
(3680, 'нет', 147, 77),
(3681, 'нет', 69, 77),
(3682, '60 Гц', 148, 77),
(3683, 'TFT', 149, 77),
(3684, '180 Кд/м²', 22, 77),
(3685, '3000', 23, 77),
(3686, '178° / 178°', 150, 77),
(3687, 'нет', 75, 77),
(3688, 'нет', 151, 77),
(3689, 'нет', 152, 77),
(3690, 'DVB-T', 153, 77),
(3691, 'есть', 154, 77),
(3692, '6 Вт', 155, 77),
(3693, 'нет', 157, 77),
(3694, 'есть', 158, 77),
(3695, 'есть', 159, 77),
(3696, 'USB', 160, 77),
(3697, 'MPEG4, MKV, AVI, MPEG2, MP4, MPEG1, H.265, HEVC, VP9', 161, 77),
(3698, 'MP3, WMA, AC3, FLAC, DTS, DD', 162, 77),
(3699, 'JPEG, BMP, PNG, MPO, GIF', 163, 77),
(3700, '2', 164, 77),
(3701, 'антенный вход', 166, 77),
(3702, 'есть', 35, 77),
(3703, '1', 34, 77),
(3704, 'есть', 168, 77),
(3705, 'нет', 169, 77),
(3706, 'нет', 170, 77),
(3707, 'нет', 114, 77),
(3708, 'есть', 187, 77),
(3709, 'нет', 172, 77),
(3710, 'нет', 173, 77),
(3711, 'нет', 174, 77),
(3712, 'нет', 188, 77),
(3713, 'есть', 175, 77),
(3714, 'есть', 176, 77),
(3715, 'нет', 177, 77),
(3716, 'есть', 178, 77),
(3717, '100 x 100', 40, 77),
(3718, 'по бокам', 190, 77),
(3719, '40 Вт', 179, 77),
(3720, 'пульт ДУ, документация, батарейки', 53, 77),
(3721, '555 мм', 54, 77),
(3722, '330 мм', 55, 77),
(3723, '70 мм', 56, 77),
(3724, '2.3 кг', 57, 77),
(3725, '555 мм', 58, 77),
(3726, '365 мм', 180, 77),
(3727, '170 мм', 60, 77),
(3728, '2.5 кг', 61, 77),
(3729, '425 мм', 181, 77),
(3730, '603 мм', 182, 77),
(3731, '428 мм', 183, 77),
(3732, '126 мм', 184, 77),
(3733, '3.26 кг', 185, 77),
(3734, 'https://c.dns-shop.ru/thumb/st4/fit/300/300/19aed8c92d7428cc3c89b5dd9bef2246/a848de613e325178c6169264f8068bd752fd4a29fb825fbe7c6747898549726f.jpg', 3, 78),
(3735, '36 мес.', 7, 78),
(3736, 'Беларусь', 68, 78),
(3737, 'DEXP H24F7100C', 9, 78),
(3738, '220-240В ～ 50/60Гц', 138, 78),
(3739, 'черный', 139, 78),
(3740, 'черный', 140, 78),
(3741, '2020', 141, 78),
(3742, 'Direct LED', 142, 78),
(3743, 'нет', 143, 78),
(3744, '24\"', 13, 78),
(3745, '60 см', 144, 78),
(3746, 'HD, 1366x768', 89, 78),
(3747, '16:9', 145, 78),
(3748, 'HD 720p', 146, 78),
(3749, 'нет', 69, 78),
(3750, '60 Гц', 148, 78),
(3751, 'MVA', 149, 78),
(3752, '200 Кд/м²', 22, 78),
(3753, '3000', 23, 78),
(3754, '170° / 170°', 150, 78),
(3755, 'нет', 75, 78),
(3756, 'нет', 151, 78),
(3757, 'нет', 152, 78),
(3758, 'DVB-T', 153, 78),
(3759, 'есть', 154, 78),
(3760, '5 Вт', 155, 78),
(3761, 'Dolby Digital Plus', 156, 78),
(3762, 'нет', 157, 78),
(3763, 'есть', 158, 78),
(3764, 'есть', 159, 78),
(3765, 'USB', 160, 78),
(3766, 'MKV, AVI, MPG, MPEG2, MP4, TS, MOV, VOB, MPEG1, H.264, DAT, H.265, H.263', 161, 78),
(3767, 'MP3, M4A, MP4', 162, 78),
(3768, 'JPEG, BMP, PNG, JPG', 163, 78),
(3769, '2', 164, 78),
(3770, 'HDMI 1.4', 165, 78),
(3771, 'антенный вход', 166, 78),
(3772, 'есть', 35, 78),
(3773, 'аудио S/PDIF (коаксиальный)', 167, 78),
(3774, '1', 34, 78),
(3775, 'есть', 168, 78),
(3776, 'нет', 169, 78),
(3777, 'нет', 170, 78),
(3778, 'нет', 114, 78),
(3779, 'есть', 187, 78),
(3780, 'нет', 171, 78),
(3781, 'нет', 172, 78),
(3782, 'нет', 64, 78),
(3783, 'нет', 173, 78),
(3784, 'есть', 174, 78),
(3785, 'есть', 175, 78),
(3786, 'есть', 176, 78),
(3787, 'нет', 177, 78),
(3788, 'есть', 178, 78),
(3789, '200 x 100', 40, 78),
(3790, '25 Вт', 179, 78),
(3791, 'настольная подставка, пульт ДУ, документация, батарейки', 53, 78),
(3792, 'USB 2.0', 132, 78),
(3793, '550 мм', 54, 78),
(3794, '330 мм', 55, 78),
(3795, '73 мм', 56, 78),
(3796, '2.9 кг', 57, 78),
(3797, '550 мм', 58, 78),
(3798, '365 мм', 180, 78),
(3799, '151 мм', 60, 78),
(3800, '3.3 кг', 61, 78),
(3801, '310 мм', 181, 78),
(3802, '605 мм', 182, 78),
(3803, '432 мм', 183, 78),
(3804, '116 мм', 184, 78),
(3805, '3.3 кг', 185, 78),
(3806, 'https://c.dns-shop.ru/thumb/st1/fit/300/300/4df47360d8aa51cee603b19adee632e6/ac5170e48ca3b6abe4ad7529c64ea129e068df61bff66e271aceffef4ba389e0.jpg', 3, 79),
(3807, '12 мес.', 7, 79),
(3808, 'Беларусь', 68, 79),
(3809, 'Telefunken TF-LED24S19T2', 9, 79),
(3810, '100-240В ～ 50Гц', 138, 79),
(3811, 'черный', 139, 79),
(3812, 'черный', 140, 79),
(3813, '2021', 141, 79),
(3814, 'нет', 143, 79),
(3815, '24\"', 13, 79),
(3816, '60 см', 144, 79),
(3817, 'HD, 1366x768', 89, 79),
(3818, '16:9', 145, 79),
(3819, 'HD 720p', 146, 79),
(3820, '200 Кд/м²', 22, 79),
(3821, '3000', 23, 79),
(3822, '178° / 178°', 150, 79),
(3823, 'нет', 75, 79),
(3824, 'нет', 151, 79),
(3825, 'нет', 152, 79),
(3826, 'DVB-T', 153, 79),
(3827, 'есть', 154, 79),
(3828, '10 Вт', 155, 79),
(3829, 'нет', 157, 79),
(3830, 'есть', 159, 79),
(3831, 'USB', 160, 79),
(3832, 'MKV, AVI, H.264', 161, 79),
(3833, 'MP3, MP4', 162, 79),
(3834, 'JPEG', 163, 79),
(3835, '1', 164, 79),
(3836, 'композитный AV', 166, 79),
(3837, 'есть', 35, 79),
(3838, 'аудио S/PDIF (коаксиальный)', 167, 79),
(3839, '1', 34, 79),
(3840, 'есть', 168, 79),
(3841, 'нет', 169, 79),
(3842, 'нет', 170, 79),
(3843, 'нет', 114, 79),
(3844, 'нет', 172, 79),
(3845, 'нет', 64, 79),
(3846, 'есть', 175, 79),
(3847, 'есть', 176, 79),
(3848, 'нет', 177, 79),
(3849, 'есть', 178, 79),
(3850, '100 x 100', 40, 79),
(3851, 'по бокам', 190, 79),
(3852, '40 Вт', 179, 79),
(3853, 'пульт ДУ, документация, батарейки', 53, 79),
(3854, 'таймер сна, цифровой гребенчатый фильтр', 132, 79),
(3855, '555 мм', 54, 79),
(3856, '330 мм', 55, 79),
(3857, '75 мм', 56, 79),
(3858, '555 мм', 58, 79),
(3859, '360 мм', 180, 79),
(3860, '180 мм', 60, 79),
(3861, '2.3 кг', 61, 79),
(3862, '2.1 кг', 57, 79),
(3863, '470 мм', 181, 79),
(3864, 'https://c.dns-shop.ru/thumb/st4/fit/300/300/59452177674d80b8feaea7467e04f92a/3f171a49ebae636a1ecc469b072ff45c71653f562b52fa009bb3f93795da6d32.jpg', 3, 80),
(3865, '12 мес.', 7, 80),
(3866, 'Telefunken TF-LED24S86T2', 9, 80),
(3867, '100-240В ～ 50Гц', 138, 80),
(3868, 'черный', 139, 80),
(3869, 'черный', 140, 80),
(3870, '2022', 141, 80),
(3871, 'нет', 143, 80),
(3872, '24\"', 13, 80),
(3873, '60 см', 144, 80),
(3874, 'HD, 1366x768', 89, 80),
(3875, '16:9', 145, 80),
(3876, 'HD 720p', 146, 80),
(3877, 'нет', 147, 80),
(3878, 'нет', 69, 80),
(3879, '180 Кд/м²', 22, 80),
(3880, '3000', 23, 80),
(3881, '178° / 178°', 150, 80),
(3882, 'нет', 75, 80),
(3883, 'нет', 151, 80),
(3884, 'нет', 152, 80),
(3885, 'DVB-T', 153, 80),
(3886, 'есть', 154, 80),
(3887, '6 Вт', 155, 80),
(3888, 'нет', 157, 80),
(3889, 'нет', 158, 80),
(3890, 'есть', 159, 80),
(3891, 'USB', 160, 80),
(3892, 'DivX, MKV, AVI, MP4, H.263', 161, 80),
(3893, 'MP3, WMA, AC3', 162, 80),
(3894, 'JPEG', 163, 80),
(3895, '1', 164, 80),
(3896, 'композитный AV', 166, 80),
(3897, 'есть', 35, 80),
(3898, 'аудио S/PDIF (коаксиальный)', 167, 80),
(3899, '1', 34, 80),
(3900, 'есть', 168, 80),
(3901, 'нет', 169, 80),
(3902, 'нет', 170, 80),
(3903, 'нет', 114, 80),
(3904, 'нет', 172, 80),
(3905, 'нет', 64, 80),
(3906, 'есть', 175, 80),
(3907, 'есть', 176, 80),
(3908, 'нет', 177, 80),
(3909, 'есть', 178, 80),
(3910, '100 x 100', 40, 80),
(3911, 'по бокам', 190, 80),
(3912, 'пульт ДУ, документация', 53, 80),
(3913, 'таймер сна, цифровой гребенчатый фильтр', 132, 80),
(3914, '550 мм', 54, 80),
(3915, '320 мм', 55, 80),
(3916, '40 мм', 56, 80),
(3917, '550 мм', 58, 80),
(3918, '370 мм', 180, 80),
(3919, '210 мм', 60, 80),
(3920, '2.4 кг', 61, 80),
(3921, '2.2 кг', 57, 80),
(3922, '510 мм', 181, 80),
(3923, 'https://c.dns-shop.ru/thumb/st4/fit/300/300/263d6cdf67a437e152d688641baef2b5/94be1dc0652f41042e350c9a23ce9c1bd2c1bee169328b715a15b50b2c61493e.jpg', 3, 81),
(3924, '12 мес.', 7, 81),
(3925, 'Hyundai H-LED24FT2001', 9, 81),
(3926, 'черный', 139, 81),
(3927, 'черный', 140, 81),
(3928, '2021', 141, 81),
(3929, 'Direct LED', 142, 81),
(3930, 'нет', 143, 81),
(3931, '24\"', 13, 81),
(3932, '61 см', 144, 81),
(3933, 'HD, 1366x768', 89, 81),
(3934, '16:9', 145, 81),
(3935, 'HD 720p', 146, 81),
(3936, '60 Гц', 148, 81),
(3937, '200 Кд/м²', 22, 81),
(3938, '3000', 23, 81),
(3939, '178° / 178°', 150, 81),
(3940, 'нет', 75, 81),
(3941, 'нет', 151, 81),
(3942, 'нет', 152, 81),
(3943, 'DVB-T', 153, 81),
(3944, 'есть', 154, 81),
(3945, '4 Вт', 155, 81),
(3946, 'Dolby Digital', 156, 81),
(3947, 'нет', 157, 81),
(3948, 'есть', 159, 81),
(3949, 'USB', 160, 81),
(3950, '2', 164, 81),
(3951, 'композитный AV', 166, 81),
(3952, 'есть', 35, 81),
(3953, 'аудио S/PDIF (коаксиальный)', 167, 81),
(3954, '1', 34, 81),
(3955, 'есть', 168, 81),
(3956, 'нет', 169, 81),
(3957, 'нет', 170, 81),
(3958, 'нет', 114, 81),
(3959, 'нет', 171, 81),
(3960, 'нет', 172, 81),
(3961, 'нет', 64, 81),
(3962, 'нет', 173, 81),
(3963, 'есть', 175, 81),
(3964, 'есть', 178, 81),
(3965, '200 x 100', 40, 81),
(3966, 'по бокам', 190, 81),
(3967, '45 Вт', 179, 81),
(3968, 'пульт ДУ, документация', 53, 81),
(3969, 'таймер сна, шумоподавление,', 132, 81),
(3970, '552.9 мм', 54, 81),
(3971, '339.9 мм', 55, 81),
(3972, '75.3 мм', 56, 81),
(3973, '552.9 мм', 58, 81),
(3974, '369.7 мм', 180, 81),
(3975, '144.1 мм', 60, 81),
(3976, '2.5 кг', 61, 81),
(3977, 'https://c.dns-shop.ru/thumb/st1/fit/300/300/fbfe3f8f0a67fa166556670b8bf5ea72/716a3ab30b8dc93673f03eeb49ee1e4df748909e5a1b100477fab3ba20ce3f40.jpg', 3, 82),
(3978, '36 мес.', 7, 82),
(3979, 'DEXP H32G8000C/G', 9, 82),
(3980, 'серый', 139, 82),
(3981, 'серый', 140, 82),
(3982, '2021', 141, 82),
(3983, 'Direct LED', 142, 82),
(3984, 'нет', 143, 82),
(3985, '32\"', 13, 82),
(3986, '81 см', 144, 82),
(3987, 'HD, 1366x768', 89, 82),
(3988, '16:9', 145, 82),
(3989, 'HD 720p', 146, 82),
(3990, 'нет', 69, 82),
(3991, '60 Гц', 148, 82),
(3992, 'VA', 149, 82),
(3993, '200 Кд/м²', 22, 82),
(3994, '3000', 23, 82),
(3995, '178° / 178°', 150, 82),
(3996, 'Яндекс.ТВ', 75, 82),
(3997, 'есть', 151, 82),
(3998, 'встроенный', 152, 82),
(3999, '4 (802.11n)', 194, 82),
(4000, 'DVB-T', 153, 82),
(4001, 'Dolby Digital', 156, 82),
(4002, 'нет', 157, 82),
(4003, 'есть', 159, 82),
(4004, 'USB', 160, 82),
(4005, 'MPEG4, MKV, AVI, MPEG2, MP4, MOV, MPEG1, H.264, VC-1', 161, 82),
(4006, 'MP3, AAC, M4A, WAV, MPEG1, MPEG2, LPCM', 162, 82),
(4007, 'BMP, PNG, GIF, JPG', 163, 82),
(4008, '2', 164, 82),
(4009, 'HDMI 1.4', 165, 82),
(4010, 'композитный AV', 166, 82),
(4011, 'есть', 35, 82),
(4012, 'аудио S/PDIF (коаксиальный)', 167, 82),
(4013, '1', 34, 82),
(4014, 'есть', 168, 82),
(4015, 'нет', 169, 82),
(4016, 'есть', 170, 82),
(4017, 'есть', 114, 82),
(4018, 'нет', 172, 82),
(4019, 'нет', 64, 82),
(4020, 'нет', 173, 82),
(4021, 'есть', 174, 82),
(4022, 'нет', 175, 82),
(4023, 'нет', 176, 82),
(4024, 'есть', 178, 82),
(4025, '200 x 200', 40, 82),
(4026, 'по бокам', 190, 82),
(4027, 'пульт ДУ, кабель питания, документация, батарейки', 53, 82),
(4028, '717 мм', 54, 82),
(4029, '420 мм', 55, 82),
(4030, '73 мм', 56, 82),
(4031, '3.7 кг', 57, 82),
(4032, '717 мм', 58, 82),
(4033, '460 мм', 180, 82),
(4034, '195 мм', 60, 82),
(4035, '3.8 кг', 61, 82),
(4036, '520 мм', 181, 82),
(4037, '815 мм', 182, 82),
(4038, '515 мм', 183, 82),
(4039, '135 мм', 184, 82),
(4040, '5.5 кг', 185, 82),
(4041, 'https://c.dns-shop.ru/thumb/st1/fit/300/300/1d184b816aceeefa3db34ff6fb250eb2/908afd4553c9e19c9c86c39d445d0a41f606c2b6a123e3bae7b8b34604a6419c.jpg', 3, 83),
(4042, '12 мес.', 7, 83),
(4043, 'Беларусь', 68, 83),
(4044, 'Harper 32R720T', 9, 83),
(4045, '[H00002766]', 10, 83),
(4046, '100-240В ～ 50/60Гц', 138, 83),
(4047, 'черный', 139, 83),
(4048, 'черный', 140, 83),
(4049, '2020', 141, 83),
(4050, 'Direct LED', 142, 83),
(4051, 'нет', 143, 83),
(4052, '32\"', 13, 83),
(4053, '81 см', 144, 83),
(4054, 'HD, 1366x768', 89, 83),
(4055, '16:9', 145, 83),
(4056, 'HD 720p', 146, 83),
(4057, 'есть', 69, 83),
(4058, '60 Гц', 148, 83),
(4059, 'VA', 149, 83),
(4060, '230 Кд/м²', 22, 83),
(4061, '70000', 23, 83),
(4062, '178° / 178°', 150, 83),
(4063, 'нет', 75, 83),
(4064, 'нет', 151, 83),
(4065, 'нет', 152, 83),
(4066, 'DVB-T', 153, 83),
(4067, 'есть', 154, 83),
(4068, '12 Вт', 155, 83),
(4069, 'Dolby Audio', 156, 83),
(4070, 'нет', 157, 83),
(4071, 'есть', 158, 83),
(4072, 'есть', 159, 83),
(4073, 'USB', 160, 83),
(4074, 'MPEG4, Xvid, MKV, AVI, MPEG2, MP4, TS, MOV, VOB, H.264, TP, TRP', 161, 83),
(4075, 'MP3, AC3, M4A', 162, 83),
(4076, 'JPEG, BMP, PNG, JPG', 163, 83),
(4077, '3', 164, 83),
(4078, 'HDMI 1.4', 165, 83),
(4079, 'композитный AV', 166, 83),
(4080, 'есть', 35, 83),
(4081, 'аудио S/PDIF (коаксиальный)', 167, 83),
(4082, '1', 34, 83),
(4083, 'есть', 168, 83),
(4084, 'нет', 169, 83),
(4085, 'нет', 170, 83),
(4086, 'нет', 114, 83),
(4087, 'нет', 171, 83),
(4088, 'нет', 172, 83),
(4089, 'нет', 64, 83),
(4090, 'есть', 174, 83),
(4091, 'нет', 188, 83),
(4092, 'есть', 175, 83),
(4093, 'есть', 176, 83),
(4094, 'нет', 177, 83),
(4095, 'есть', 178, 83),
(4096, '100 x 100', 40, 83),
(4097, 'по бокам', 190, 83),
(4098, '48 Вт', 179, 83),
(4099, 'настольная подставка, пульт ДУ, документация, батарейки, винты', 53, 83),
(4100, '3D цифровой фильтр', 132, 83),
(4101, '720 мм', 54, 83),
(4102, '420 мм', 55, 83),
(4103, '90 мм', 56, 83),
(4104, '4.8 кг', 57, 83),
(4105, '720 мм', 58, 83),
(4106, '455 мм', 180, 83),
(4107, '170 мм', 60, 83),
(4108, '5 кг', 61, 83),
(4109, '470 мм', 181, 83),
(4110, '810 мм', 182, 83),
(4111, '510 мм', 183, 83),
(4112, '130 мм', 184, 83),
(4113, '6 кг', 185, 83),
(4114, 'https://c.dns-shop.ru/thumb/st1/fit/300/300/b7e187eaea14fa807173305177abdb08/c1ae876cf5899d8e56a81ee66f815c36767492ff7d5e5070aac1de66a0f1acad.jpg', 3, 84),
(4115, '12 мес.', 7, 84),
(4116, 'Telefunken TF-LED24S85T2', 9, 84),
(4117, '100-240В ～ 50Гц', 138, 84),
(4118, 'черный', 139, 84),
(4119, 'черный', 140, 84),
(4120, '2022', 141, 84),
(4121, 'нет', 143, 84),
(4122, '24\"', 13, 84),
(4123, '60 см', 144, 84),
(4124, 'HD, 1366x768', 89, 84),
(4125, '16:9', 145, 84),
(4126, 'HD 720p', 146, 84),
(4127, 'нет', 147, 84),
(4128, 'нет', 69, 84),
(4129, '180 Кд/м²', 22, 84),
(4130, '3000', 23, 84),
(4131, '178° / 178°', 150, 84),
(4132, 'нет', 75, 84),
(4133, 'нет', 151, 84),
(4134, 'нет', 152, 84),
(4135, 'DVB-T', 153, 84),
(4136, 'есть', 154, 84),
(4137, '6 Вт', 155, 84),
(4138, 'нет', 157, 84),
(4139, 'нет', 158, 84),
(4140, 'есть', 159, 84),
(4141, 'USB', 160, 84),
(4142, 'DivX, MKV, AVI, MP4, H.263', 161, 84),
(4143, 'MP3, WMA, AC3', 162, 84),
(4144, 'JPEG', 163, 84),
(4145, '1', 164, 84),
(4146, 'композитный AV', 166, 84),
(4147, 'есть', 35, 84),
(4148, 'аудио S/PDIF (коаксиальный)', 167, 84),
(4149, '1', 34, 84),
(4150, 'есть', 168, 84),
(4151, 'нет', 169, 84),
(4152, 'нет', 170, 84),
(4153, 'нет', 114, 84),
(4154, 'нет', 172, 84),
(4155, 'нет', 188, 84),
(4156, 'есть', 175, 84),
(4157, 'есть', 178, 84),
(4158, '100 x 100', 40, 84),
(4159, 'по бокам', 190, 84),
(4160, '36 Вт', 179, 84),
(4161, 'пульт ДУ, документация', 53, 84),
(4162, 'таймер сна', 132, 84),
(4163, '550 мм', 54, 84),
(4164, '330 мм', 55, 84),
(4165, '70 мм', 56, 84),
(4166, '550 мм', 58, 84),
(4167, '360 мм', 180, 84),
(4168, '190 мм', 60, 84),
(4169, '2.4 кг', 61, 84),
(4170, '2.2 кг', 57, 84),
(4171, '520 мм', 181, 84),
(4172, 'https://c.dns-shop.ru/thumb/st1/fit/500/500/6f5e58d2f1304258e14111c3aa92e6ba/72f03c2a9c688cc6d7b971e57a7ccd3abf968ae919a6e00076318a8c89ff05db.png', 3, 85),
(4173, '12 мес.', 7, 85),
(4174, 'Telefunken TF-LED24S89T2', 9, 85),
(4175, '100-240В ～ 50Гц', 138, 85),
(4176, 'черный', 139, 85),
(4177, 'черный', 140, 85),
(4178, 'Direct LED', 142, 85),
(4179, 'нет', 143, 85),
(4180, '24\"', 13, 85),
(4181, '60 см', 144, 85),
(4182, 'HD, 1366x768', 89, 85),
(4183, '16:9', 145, 85),
(4184, 'HD 720p', 146, 85),
(4185, '180 Кд/м²', 22, 85),
(4186, '3000', 23, 85),
(4187, '178° / 178°', 150, 85),
(4188, 'нет', 75, 85),
(4189, 'нет', 151, 85),
(4190, 'нет', 186, 85),
(4191, 'нет', 152, 85),
(4192, 'DVB-T', 153, 85),
(4193, 'есть', 154, 85),
(4194, '10 Вт', 155, 85),
(4195, 'NICAM Stereo', 156, 85),
(4196, 'нет', 157, 85),
(4197, 'есть', 159, 85),
(4198, 'USB', 160, 85),
(4199, 'DivX, MKV, AVI, MP4, H.263', 161, 85),
(4200, 'MP3, WMA, AC3', 162, 85),
(4201, 'JPEG', 163, 85),
(4202, '1', 164, 85),
(4203, 'композитный AV', 166, 85),
(4204, 'есть', 35, 85),
(4205, 'аудио S/PDIF (коаксиальный)', 167, 85),
(4206, '1', 34, 85),
(4207, 'есть', 168, 85),
(4208, 'нет', 169, 85),
(4209, 'нет', 170, 85),
(4210, 'нет', 114, 85),
(4211, 'нет', 172, 85),
(4212, 'нет', 64, 85),
(4213, 'нет', 173, 85),
(4214, 'есть', 175, 85),
(4215, 'есть', 176, 85),
(4216, 'нет', 189, 85),
(4217, 'нет', 177, 85),
(4218, 'есть', 178, 85),
(4219, '100 x 100', 40, 85),
(4220, 'по бокам', 190, 85),
(4221, 'пульт ДУ, документация', 53, 85),
(4222, 'таймер сна, цифровой гребенчатый фильтр', 132, 85),
(4223, '560 мм', 54, 85),
(4224, '335 мм', 55, 85),
(4225, '80 мм', 56, 85),
(4226, '560 мм', 58, 85),
(4227, '370 мм', 180, 85),
(4228, '170 мм', 60, 85),
(4229, 'https://c.dns-shop.ru/thumb/st1/fit/300/300/b652232b3a1cded472d049f3c92f102e/5067657ef7029cf8430eaf3c5327955bac7cf5116fd53a42c81f9539c40b7dd7.jpg', 3, 86),
(4230, '12 мес.', 7, 86),
(4231, 'Erisson 32LES90T2', 9, 86),
(4232, 'черный', 139, 86),
(4233, 'черный', 140, 86),
(4234, '2019', 141, 86),
(4235, 'Direct LED', 142, 86),
(4236, 'нет', 143, 86),
(4237, '32\"', 13, 86),
(4238, '81 см', 144, 86),
(4239, 'HD, 1366x768', 89, 86),
(4240, '16:9', 145, 86),
(4241, 'HD 720p', 146, 86),
(4242, '50 Гц', 148, 86),
(4243, '200 Кд/м²', 22, 86),
(4244, '1200', 23, 86),
(4245, '176° / 176°', 150, 86),
(4246, 'нет', 75, 86),
(4247, 'нет', 151, 86),
(4248, 'нет', 152, 86),
(4249, 'DVB-T', 153, 86),
(4250, 'есть', 154, 86),
(4251, '12 Вт', 155, 86),
(4252, 'нет', 157, 86),
(4253, 'есть', 158, 86),
(4254, 'есть', 159, 86),
(4255, 'USB', 160, 86),
(4256, 'MKV, AVI, MPG, MPEG', 161, 86),
(4257, 'MP3', 162, 86),
(4258, 'JPEG, BMP, PNG', 163, 86),
(4259, '1', 164, 86),
(4260, 'SCART', 166, 86),
(4261, 'есть', 35, 86),
(4262, 'аудио S/PDIF (коаксиальный)', 167, 86),
(4263, '1', 34, 86),
(4264, 'есть', 168, 86),
(4265, 'нет', 169, 86),
(4266, 'нет', 170, 86),
(4267, 'нет', 114, 86),
(4268, 'нет', 171, 86),
(4269, 'нет', 64, 86),
(4270, 'нет', 173, 86),
(4271, 'есть', 175, 86),
(4272, 'есть', 176, 86),
(4273, 'есть', 178, 86),
(4274, '100 x 100', 40, 86),
(4275, 'настольная подставка, пульт ДУ, кабель питания, документация', 53, 86),
(4276, 'таймер сна, часы, шумоподавление, телегид, субтитры,', 132, 86),
(4277, '3.95 кг', 61, 86),
(4278, '800 мм', 182, 86),
(4279, '495 мм', 183, 86),
(4280, 'https://c.dns-shop.ru/thumb/st4/fit/300/300/30397f3fedf4aa050c1a8aa5c4ce5102/01742c0b136a2bac5be91614b1e8cd077114524bfeb2312d8c4fe0a909c877c9.png', 3, 87),
(4281, '12 мес.', 7, 87),
(4282, 'Erisson 32LEA70T2', 9, 87),
(4283, '100-240В ～ 50/60Гц', 138, 87),
(4284, 'черный', 139, 87),
(4285, 'черный', 140, 87),
(4286, '2020', 141, 87),
(4287, 'Direct LED', 142, 87),
(4288, 'нет', 143, 87),
(4289, '32\"', 13, 87),
(4290, '81 см', 144, 87),
(4291, 'HD, 1366x768', 89, 87),
(4292, '16:9', 145, 87),
(4293, 'HD 720p', 146, 87),
(4294, '50 Гц', 148, 87),
(4295, 'нет', 75, 87),
(4296, 'нет', 151, 87),
(4297, 'нет', 152, 87),
(4298, 'DVB-T', 153, 87),
(4299, 'есть', 154, 87),
(4300, '12 Вт', 155, 87),
(4301, 'нет', 157, 87),
(4302, 'есть', 159, 87),
(4303, 'USB', 160, 87),
(4304, 'MP3', 162, 87),
(4305, 'JPEG', 163, 87),
(4306, '3', 164, 87),
(4307, 'композитный AV', 166, 87),
(4308, 'аудио S/PDIF (коаксиальный)', 167, 87),
(4309, '2', 34, 87),
(4310, 'есть', 168, 87),
(4311, 'нет', 169, 87),
(4312, 'нет', 170, 87),
(4313, 'нет', 114, 87),
(4314, 'нет', 187, 87),
(4315, 'нет', 172, 87),
(4316, 'нет', 64, 87),
(4317, 'нет', 173, 87),
(4318, 'нет', 177, 87),
(4319, 'есть', 178, 87),
(4320, '200 x 100', 40, 87),
(4321, 'по бокам', 190, 87),
(4322, '75 Вт', 179, 87),
(4323, 'настольная подставка, пульт ДУ, документация', 53, 87),
(4324, '737 мм', 54, 87),
(4325, '438 мм', 55, 87),
(4326, '89 мм', 56, 87),
(4327, '737 мм', 58, 87),
(4328, '496 мм', 180, 87),
(4329, '225 мм', 60, 87),
(4330, 'https://c.dns-shop.ru/thumb/st4/fit/300/300/dff34ad6b72296fd60a094d94a5a99d4/80752d5b062868834934555b21ac7231de6173559a67e285c7dfc76103e5e900.jpg', 3, 88),
(4331, '12 мес.', 7, 88),
(4332, 'Беларусь', 68, 88),
(4333, 'Asano 24LF1210T', 9, 88),
(4334, '220-240В ～ 50/60Гц', 138, 88),
(4335, 'черный', 139, 88),
(4336, 'черный', 140, 88),
(4337, '2022', 141, 88),
(4338, 'нет', 143, 88),
(4339, '24\"', 13, 88),
(4340, '60 см', 144, 88),
(4341, 'FullHD, 1920x1080', 89, 88),
(4342, '16:9', 145, 88),
(4343, 'Full HD 1080p', 146, 88),
(4344, 'нет', 69, 88),
(4345, '60 Гц', 148, 88),
(4346, 'TFT', 149, 88),
(4347, '200 Кд/м²', 22, 88),
(4348, '5000', 23, 88),
(4349, '178° / 178°', 150, 88),
(4350, 'нет', 75, 88),
(4351, 'нет', 151, 88),
(4352, 'нет', 152, 88),
(4353, 'DVB-T2', 153, 88),
(4354, 'есть', 154, 88),
(4355, '6 Вт', 155, 88),
(4356, 'Dolby Digital', 156, 88),
(4357, 'нет', 157, 88),
(4358, 'нет', 158, 88),
(4359, 'есть', 159, 88),
(4360, 'USB', 160, 88),
(4361, 'MKV, AVI, MPG, MP4, MOV, VOB, DAT', 161, 88),
(4362, 'MP3, AC3, AAC', 162, 88),
(4363, 'BMP, PNG, JPG', 163, 88),
(4364, '1', 164, 88),
(4365, 'HDMI 1.4', 165, 88),
(4366, 'SCART', 166, 88),
(4367, 'есть', 35, 88),
(4368, 'аудио S/PDIF (коаксиальный)', 167, 88),
(4369, '1', 34, 88),
(4370, 'есть', 168, 88),
(4371, 'нет', 169, 88),
(4372, 'нет', 170, 88),
(4373, 'нет', 114, 88),
(4374, 'нет', 172, 88),
(4375, 'нет', 64, 88),
(4376, 'нет', 173, 88),
(4377, 'есть', 188, 88),
(4378, 'есть', 175, 88),
(4379, 'нет', 176, 88),
(4380, 'нет', 177, 88),
(4381, 'есть', 178, 88),
(4382, '100 x 100', 40, 88),
(4383, 'по центру', 190, 88),
(4384, '23 Вт', 179, 88),
(4385, 'пульт ДУ, документация, батарейки', 53, 88),
(4386, 'таймер сна,', 132, 88),
(4387, '550 мм', 54, 88),
(4388, '330 мм', 55, 88),
(4389, '60 мм', 56, 88),
(4390, '2.3 кг', 57, 88),
(4391, '550 мм', 58, 88),
(4392, '370 мм', 180, 88),
(4393, '170 мм', 60, 88),
(4394, '628 мм', 182, 88),
(4395, '441 мм', 183, 88),
(4396, '98 мм', 184, 88),
(4397, '3.4 кг', 185, 88),
(4398, '2.5 кг', 61, 88),
(4399, '225 мм', 191, 88),
(4400, 'https://c.dns-shop.ru/thumb/st4/fit/300/300/a3dcfbc6140e856b8f23896ba81450bd/f8a31d91afef5aad17396eba0281eba0d58b8eea3c27dc9a476e4422b55362a6.jpg', 3, 89),
(4401, '12 мес.', 7, 89),
(4402, 'DEXP G450 One', 9, 89),
(4403, '2021', 130, 89),
(4404, 'красный', 195, 89),
(4405, 'черный', 196, 89),
(4406, 'красный', 197, 89),
(4407, 'красный', 79, 89),
(4408, 'GSM 900, GSM 1800, GSM 1900, GSM 850', 198, 89),
(4409, 'UMTS 900, UMTS 2100', 199, 89),
(4410, 'нет', 200, 89),
(4411, 'нет', 201, 89),
(4412, 'Micro-SIM (15x12x0.76 мм), Nano-SIM (12.3x8.8x0.67 мм)', 202, 89),
(4413, '2 SIM', 203, 89),
(4414, 'нет', 204, 89),
(4415, '5\"', 13, 89),
(4416, '854x480', 89, 89),
(4417, '198 ppi', 29, 89),
(4418, 'TN', 205, 89),
(4419, '16.7 млн', 206, 89),
(4420, '60 Гц', 148, 89),
(4421, 'пластик', 81, 89),
(4422, 'Android', 75, 89),
(4423, 'Android 11 Go', 207, 89),
(4424, 'MediaTek', 208, 89),
(4425, 'MediaTek MT6580M', 91, 89),
(4426, '4', 209, 89),
(4427, '1.3 ГГц', 210, 89),
(4428, '4x Cortex-A7 1.3 ГГц', 211, 89),
(4429, '28 нм', 212, 89),
(4430, 'Mali-400 MP2', 213, 89),
(4431, '1 Гб', 99, 89),
(4432, '16 ГБ', 214, 89),
(4433, 'есть (отдельный слот)', 215, 89),
(4434, 'microSD', 216, 89),
(4435, '128 ГБ', 217, 89),
(4436, 'акселерометр', 218, 89),
(4437, 'есть', 219, 89),
(4438, '1', 220, 89),
(4439, '2 Мп', 221, 89),
(4440, 'GalaxyCore GC02M2', 222, 89),
(4441, 'нет', 223, 89),
(4442, 'светодиодная', 224, 89),
(4443, 'нет', 225, 89),
(4444, 'HD', 226, 89),
(4445, '1280x720 (30 кадр./сек.)', 227, 89),
(4446, 'нет', 228, 89),
(4447, '2 Мп', 229, 89),
(4448, 'нет', 230, 89),
(4449, 'нет', 231, 89),
(4450, 'нет', 232, 89),
(4451, '4.0', 233, 89),
(4452, '4 (802.11n)', 194, 89),
(4453, 'нет', 234, 89),
(4454, 'GPS, A-GPS', 235, 89),
(4455, 'нет', 236, 89),
(4456, 'micro USB', 237, 89),
(4457, 'нет', 238, 89),
(4458, 'Mini Jack 3.5 мм', 239, 89),
(4459, 'нет', 240, 89),
(4460, 'есть', 241, 89),
(4461, 'документация, зарядное устройство, кабель micro USB', 53, 89),
(4462, 'распознавание лица', 242, 89),
(4463, 'Li-Ion', 123, 89),
(4464, '2000 мА*ч', 124, 89),
(4465, 'нет', 243, 89),
(4466, 'нет', 244, 89),
(4467, '250 ч', 245, 89),
(4468, '8 ч', 246, 89),
(4469, '20 ч', 247, 89),
(4470, '4 ч', 248, 89),
(4471, '72.5 мм', 127, 89),
(4472, '145 мм', 249, 89),
(4473, '10 мм', 128, 89),
(4474, '145 г', 129, 89),
(4475, 'https://c.dns-shop.ru/thumb/st1/fit/300/300/9d8c22598839e37f21805e6412761b10/5b32be80e9c33c1f8fa98b3bb725db79a47ac52eb9cbc8209179cd0b64680ecf.jpg', 3, 90),
(4476, '12 мес.', 7, 90),
(4477, 'DEXP G450 One', 9, 90),
(4478, '2021', 130, 90),
(4479, 'синий', 195, 90),
(4480, 'черный', 196, 90),
(4481, 'синий', 197, 90),
(4482, 'синий', 79, 90),
(4483, 'GSM 900, GSM 1800, GSM 1900, GSM 850', 198, 90),
(4484, 'UMTS 900, UMTS 2100', 199, 90),
(4485, 'нет', 200, 90),
(4486, 'нет', 201, 90),
(4487, 'Micro-SIM (15x12x0.76 мм), Nano-SIM (12.3x8.8x0.67 мм)', 202, 90),
(4488, '2 SIM', 203, 90),
(4489, 'нет', 204, 90),
(4490, '5\"', 13, 90),
(4491, '854x480', 89, 90),
(4492, '198 ppi', 29, 90),
(4493, 'TN', 205, 90),
(4494, '16.7 млн', 206, 90),
(4495, '60 Гц', 148, 90),
(4496, 'пластик', 81, 90),
(4497, 'Android', 75, 90),
(4498, 'Android 11 Go', 207, 90),
(4499, 'MediaTek', 208, 90),
(4500, 'MediaTek MT6580M', 91, 90),
(4501, '4', 209, 90),
(4502, '1.3 ГГц', 210, 90),
(4503, '4x Cortex-A7 1.3 ГГц', 211, 90),
(4504, '28 нм', 212, 90),
(4505, 'Mali-400 MP2', 213, 90),
(4506, '1 Гб', 99, 90),
(4507, '16 ГБ', 214, 90),
(4508, 'есть (отдельный слот)', 215, 90),
(4509, 'microSD', 216, 90),
(4510, '128 ГБ', 217, 90),
(4511, 'акселерометр', 218, 90),
(4512, 'есть', 219, 90),
(4513, '1', 220, 90),
(4514, '2 Мп', 221, 90),
(4515, 'GalaxyCore GC02M2', 222, 90),
(4516, 'нет', 223, 90),
(4517, 'светодиодная', 224, 90),
(4518, 'нет', 225, 90),
(4519, 'HD', 226, 90),
(4520, '1280x720 (30 кадр./сек.)', 227, 90),
(4521, 'нет', 228, 90),
(4522, '2 Мп', 229, 90),
(4523, 'нет', 230, 90),
(4524, 'нет', 231, 90),
(4525, 'нет', 232, 90),
(4526, '4.0', 233, 90),
(4527, '4 (802.11n)', 194, 90),
(4528, 'нет', 234, 90),
(4529, 'GPS, A-GPS', 235, 90),
(4530, 'нет', 236, 90),
(4531, 'micro USB', 237, 90),
(4532, 'нет', 238, 90),
(4533, 'Mini Jack 3.5 мм', 239, 90),
(4534, 'нет', 240, 90),
(4535, 'есть', 241, 90),
(4536, 'документация, зарядное устройство, кабель micro USB', 53, 90),
(4537, 'распознавание лица', 242, 90),
(4538, 'Li-Ion', 123, 90),
(4539, '2000 мА*ч', 124, 90),
(4540, 'нет', 243, 90),
(4541, 'нет', 244, 90),
(4542, '250 ч', 245, 90),
(4543, '8 ч', 246, 90),
(4544, '20 ч', 247, 90),
(4545, '4 ч', 248, 90),
(4546, '72.5 мм', 127, 90),
(4547, '145 мм', 249, 90),
(4548, '10 мм', 128, 90),
(4549, '145 г', 129, 90),
(4550, 'https://c.dns-shop.ru/thumb/st4/fit/300/300/3d0db349725a832b91b708b0b55c3087/27a2aa4ec404113f5b56dfa388ca4dae68920e0c1aa70707e0f72cf819853fd5.jpg', 3, 91),
(4551, '12 мес.', 7, 91),
(4552, 'DEXP G450 One', 9, 91),
(4553, '2021', 130, 91),
(4554, 'синий', 195, 91),
(4555, 'черный', 196, 91),
(4556, 'синий', 197, 91),
(4557, 'синий', 79, 91),
(4558, 'GSM 900, GSM 1800, GSM 1900, GSM 850', 198, 91),
(4559, 'UMTS 900, UMTS 2100', 199, 91),
(4560, 'нет', 200, 91),
(4561, 'нет', 201, 91),
(4562, 'Micro-SIM (15x12x0.76 мм), Nano-SIM (12.3x8.8x0.67 мм)', 202, 91),
(4563, '2 SIM', 203, 91),
(4564, 'нет', 204, 91),
(4565, '5\"', 13, 91),
(4566, '854x480', 89, 91),
(4567, '196 ppi', 29, 91),
(4568, 'TN', 205, 91),
(4569, '16 млн', 206, 91),
(4570, '60 Гц', 148, 91),
(4571, 'пластик', 81, 91),
(4572, 'нет', 250, 91),
(4573, 'Android', 75, 91),
(4574, 'Android 11 Go', 207, 91),
(4575, 'есть', 251, 91),
(4576, 'MediaTek', 208, 91),
(4577, 'MediaTek MT6580M', 91, 91),
(4578, '4', 209, 91),
(4579, '1.3 ГГц', 210, 91),
(4580, '4x Cortex-A7 1.3 ГГц', 211, 91),
(4581, '28 нм', 212, 91),
(4582, 'Mali-400 MP2', 213, 91),
(4583, '1 Гб', 99, 91),
(4584, '8 ГБ', 214, 91),
(4585, 'есть (отдельный слот)', 215, 91),
(4586, 'microSD', 216, 91),
(4587, '128 ГБ', 217, 91),
(4588, 'акселерометр', 218, 91),
(4589, 'есть', 219, 91),
(4590, '1', 220, 91),
(4591, '2 Мп', 221, 91),
(4592, 'светодиодная', 224, 91),
(4593, 'нет', 225, 91),
(4594, 'HD', 226, 91),
(4595, '1280x720 (30 кадр./сек.)', 227, 91),
(4596, 'нет', 228, 91),
(4597, '2 Мп', 229, 91),
(4598, 'нет', 230, 91),
(4599, '4.0', 233, 91),
(4600, '4 (802.11n)', 194, 91),
(4601, 'нет', 234, 91),
(4602, 'GPS, A-GPS', 235, 91),
(4603, 'micro USB', 237, 91),
(4604, 'нет', 238, 91),
(4605, 'Mini Jack 3.5 мм', 239, 91),
(4606, 'нет', 240, 91),
(4607, 'есть', 241, 91),
(4608, 'документация, зарядное устройство, кабель micro USB', 53, 91),
(4609, 'Li-Ion', 123, 91),
(4610, '2000 мА*ч', 124, 91),
(4611, 'нет', 243, 91),
(4612, 'нет', 244, 91),
(4613, '250 ч', 245, 91),
(4614, '8 ч', 246, 91),
(4615, '72.8 мм', 127, 91),
(4616, '145 мм', 249, 91),
(4617, '9.6 мм', 128, 91),
(4618, '152 г', 129, 91),
(4619, 'https://c.dns-shop.ru/thumb/st4/fit/300/300/1be825682c39f977a96a3b987450bd49/7fc06f961e6aee63cc8a3ae546b1ef1e45c29794caecba0ac61e02ed7678edf5.jpg', 3, 92),
(4620, '12 мес.', 7, 92),
(4621, 'Китай', 68, 92),
(4622, 'INOI 2 2021', 9, 92),
(4623, '2021', 130, 92),
(4624, 'синий', 195, 92),
(4625, 'черный', 196, 92),
(4626, 'синий', 197, 92),
(4627, 'синий', 79, 92),
(4628, 'GSM 900, GSM 1800, GSM 1900, GSM 850', 198, 92),
(4629, 'UMTS 1900, UMTS 900, UMTS 2100, UMTS 850', 199, 92),
(4630, 'есть', 200, 92),
(4631, 'нет', 252, 92),
(4632, 'нет', 201, 92),
(4633, 'Micro-SIM (15x12x0.76 мм)', 202, 92),
(4634, '2 SIM', 203, 92),
(4635, 'нет', 204, 92),
(4636, '5\"', 13, 92),
(4637, '854x480', 89, 92),
(4638, '196 ppi', 29, 92),
(4639, 'TN', 205, 92),
(4640, '16:9', 17, 92),
(4641, '60 Гц', 148, 92),
(4642, 'пластик', 81, 92),
(4643, 'Android', 75, 92),
(4644, 'Android 10 Go', 207, 92),
(4645, 'есть', 251, 92),
(4646, 'Unisoc (Spreadtrum)', 208, 92),
(4647, 'Spreadtrum SC9832E', 91, 92),
(4648, '4', 209, 92),
(4649, '1.4 ГГц', 210, 92),
(4650, '4x Cortex-A53 1.4 ГГц', 211, 92),
(4651, '28 нм', 212, 92),
(4652, 'Mali-T820 MP1', 213, 92),
(4653, '1 Гб', 99, 92),
(4654, '8 ГБ', 214, 92),
(4655, 'есть (отдельный слот)', 215, 92),
(4656, 'microSD', 216, 92),
(4657, '128 ГБ', 217, 92),
(4658, 'датчик освещенности', 218, 92),
(4659, 'есть', 219, 92),
(4660, '1', 220, 92),
(4661, '5 Мп', 221, 92),
(4662, 'есть', 223, 92),
(4663, 'светодиодная', 224, 92),
(4664, 'нет', 225, 92),
(4665, 'нет', 228, 92),
(4666, '2 Мп', 229, 92),
(4667, 'нет', 231, 92),
(4668, '4.0', 233, 92),
(4669, '4 (802.11n)', 194, 92),
(4670, 'нет', 234, 92),
(4671, 'GPS, A-GPS', 235, 92),
(4672, 'Wi-Fi Direct', 253, 92),
(4673, 'micro USB', 237, 92),
(4674, 'Mini Jack 3.5 мм', 239, 92),
(4675, 'нет', 240, 92),
(4676, 'есть', 241, 92),
(4677, 'документация, зарядное устройство, кабель micro USB', 53, 92),
(4678, 'распознавание лица', 242, 92),
(4679, 'звук Hi-Res Audio', 132, 92),
(4680, 'Li-Ion', 123, 92),
(4681, '2500 мА*ч', 124, 92),
(4682, 'есть', 254, 92),
(4683, 'нет', 243, 92),
(4684, 'нет', 244, 92),
(4685, '70 мм', 127, 92),
(4686, '144 мм', 249, 92),
(4687, '9 мм', 128, 92),
(4688, '143 г', 129, 92),
(4689, 'https://c.dns-shop.ru/thumb/st4/fit/300/300/2c1d828fdda5b074ac1d66d2bbc37a2c/390012aaec4837bfe9de90a41d40481678c4be1876d164a9b4a9304577e8f6c0.jpg', 3, 93),
(4690, '12 мес.', 7, 93),
(4691, 'Китай', 68, 93),
(4692, 'INOI 2 2021', 9, 93),
(4693, '2021', 130, 93),
(4694, 'черный', 195, 93),
(4695, 'черный', 196, 93),
(4696, 'черный', 197, 93),
(4697, 'черный', 79, 93),
(4698, 'есть', 200, 93),
(4699, 'нет', 252, 93),
(4700, 'нет', 201, 93),
(4701, 'Micro-SIM (15x12x0.76 мм)', 202, 93),
(4702, '2 SIM', 203, 93),
(4703, 'нет', 204, 93),
(4704, '5\"', 13, 93),
(4705, '854x480', 89, 93),
(4706, '196 ppi', 29, 93),
(4707, 'TN', 205, 93),
(4708, '16:9', 17, 93),
(4709, 'пластик', 81, 93),
(4710, 'Android', 75, 93),
(4711, 'Android 10 Go', 207, 93),
(4712, 'есть', 251, 93),
(4713, 'Unisoc (Spreadtrum)', 208, 93),
(4714, 'Spreadtrum SC9832E', 91, 93),
(4715, '4', 209, 93),
(4716, '1.4 ГГц', 210, 93),
(4717, '4x Cortex-A53 1.4 ГГц', 211, 93),
(4718, '28 нм', 212, 93),
(4719, 'Mali-T820 MP1', 213, 93),
(4720, '1 Гб', 99, 93),
(4721, '8 ГБ', 214, 93),
(4722, 'есть (отдельный слот)', 215, 93),
(4723, 'microSD', 216, 93),
(4724, '128 ГБ', 217, 93),
(4725, 'датчик освещенности', 218, 93),
(4726, 'есть', 219, 93),
(4727, '1', 220, 93),
(4728, '5 Мп', 221, 93),
(4729, 'есть', 223, 93),
(4730, 'светодиодная', 224, 93),
(4731, 'нет', 225, 93),
(4732, 'нет', 228, 93),
(4733, '2 Мп', 229, 93),
(4734, 'нет', 231, 93),
(4735, '4.0', 233, 93),
(4736, '4 (802.11n)', 194, 93),
(4737, 'нет', 234, 93),
(4738, 'GPS, A-GPS', 235, 93),
(4739, 'Wi-Fi Direct', 253, 93),
(4740, 'micro USB', 237, 93),
(4741, 'Mini Jack 3.5 мм', 239, 93),
(4742, 'нет', 240, 93),
(4743, 'есть', 241, 93),
(4744, 'документация, зарядное устройство, кабель micro USB', 53, 93),
(4745, 'распознавание лица', 242, 93),
(4746, 'звук Hi-Res Audio', 132, 93),
(4747, 'Li-Ion', 123, 93),
(4748, '2500 мА*ч', 124, 93),
(4749, 'есть', 254, 93),
(4750, 'нет', 243, 93),
(4751, 'нет', 244, 93),
(4752, '70 мм', 127, 93),
(4753, '144 мм', 249, 93),
(4754, '9 мм', 128, 93),
(4755, '143 г', 129, 93),
(4756, 'https://c.dns-shop.ru/thumb/st4/fit/300/300/0ed912d25f02a1ef12a1254b4ac9922b/f76ac36b9234f01140b421885d462f84f6752a10ef9f67ae6bee09876b247249.jpg', 3, 94),
(4757, '12 мес.', 7, 94),
(4758, 'Китай', 68, 94),
(4759, 'INOI A22 Lite', 9, 94),
(4760, '2021', 130, 94),
(4761, 'черный', 195, 94),
(4762, 'черный', 196, 94),
(4763, 'черный', 197, 94),
(4764, 'черный', 79, 94),
(4765, 'GSM 900, GSM 1800, GSM 1900, GSM 850', 198, 94),
(4766, 'WCDMA 2100, WCDMA 900', 199, 94),
(4767, 'нет', 200, 94),
(4768, 'нет', 201, 94),
(4769, '2 SIM', 203, 94),
(4770, 'нет', 204, 94),
(4771, '5\"', 13, 94),
(4772, '1280x720', 89, 94),
(4773, '293 ppi', 29, 94),
(4774, 'IPS', 205, 94),
(4775, '16:9', 17, 94),
(4776, '16 млн', 206, 94),
(4777, '60 Гц', 148, 94),
(4778, 'пластик', 81, 94),
(4779, 'нет', 255, 94),
(4780, 'нет', 250, 94),
(4781, 'Android', 75, 94),
(4782, 'Android 11 Go', 207, 94),
(4783, 'Unisoc (Spreadtrum)', 208, 94),
(4784, 'Spreadtrum SC7731E', 91, 94),
(4785, '4', 209, 94),
(4786, '1.3 ГГц', 210, 94),
(4787, '4x Cortex-A7 1.3 ГГц', 211, 94),
(4788, '28 нм', 212, 94),
(4789, 'Mali-T820 MP1', 213, 94),
(4790, '1 Гб', 99, 94),
(4791, '16 ГБ', 214, 94),
(4792, 'есть (отдельный слот)', 215, 94),
(4793, 'microSD', 216, 94),
(4794, '128 ГБ', 217, 94),
(4795, 'акселерометр', 218, 94),
(4796, '1', 220, 94),
(4797, '5 Мп', 221, 94),
(4798, 'нет', 223, 94),
(4799, 'светодиодная', 224, 94),
(4800, 'нет', 225, 94),
(4801, 'нет', 228, 94),
(4802, '2 Мп', 229, 94),
(4803, 'нет', 230, 94),
(4804, 'нет', 231, 94),
(4805, '4.0', 233, 94),
(4806, '4 (802.11n)', 194, 94),
(4807, 'нет', 234, 94),
(4808, 'GPS, A-GPS', 235, 94),
(4809, 'нет', 236, 94),
(4810, 'micro USB', 237, 94),
(4811, 'Mini Jack 3.5 мм', 239, 94),
(4812, 'нет', 240, 94),
(4813, 'есть', 241, 94),
(4814, 'документация, зарядное устройство, кабель micro USB', 53, 94),
(4815, 'распознавание лица', 242, 94),
(4816, 'Li-Ion', 123, 94),
(4817, '2500 мА*ч', 124, 94),
(4818, 'есть', 254, 94),
(4819, 'нет', 243, 94),
(4820, 'нет', 244, 94),
(4821, '70.8 мм', 127, 94),
(4822, '144.6 мм', 249, 94),
(4823, '9.6 мм', 128, 94),
(4824, '166 г', 129, 94),
(4825, 'https://c.dns-shop.ru/thumb/st1/fit/300/300/be6b61fc898ff21c6ed8bc3cab1be7fc/2140623db58e50ad0a34769638ca3d3fecf19cfcbba9fac2eadf376b933810b7.jpg', 3, 95),
(4826, '12 мес.', 7, 95),
(4827, 'DEXP A350 MIX', 9, 95),
(4828, '2020', 130, 95),
(4829, 'розовый', 195, 95),
(4830, 'черный', 196, 95),
(4831, 'розовый', 197, 95),
(4832, 'розовый', 79, 95),
(4833, 'GSM 900, GSM 1800, GSM 1900, GSM 850', 198, 95),
(4834, 'WCDMA 2100, WCDMA 900', 199, 95),
(4835, 'нет', 200, 95),
(4836, 'нет', 201, 95),
(4837, 'Nano-SIM (12.3x8.8x0.67 мм)', 202, 95),
(4838, '2 SIM', 203, 95),
(4839, 'нет', 204, 95),
(4840, '5\"', 13, 95),
(4841, '960x480', 89, 95),
(4842, '214 ppi', 29, 95),
(4843, 'TN', 205, 95),
(4844, '260 тыс', 206, 95),
(4845, '60 Гц', 148, 95),
(4846, 'пластик', 81, 95),
(4847, 'Android', 75, 95),
(4848, 'Android 9.0 Pie Go', 207, 95),
(4849, 'есть', 251, 95),
(4850, 'MediaTek', 208, 95),
(4851, 'MediaTek MT6580M', 91, 95),
(4852, '4', 209, 95),
(4853, '1.3 ГГц', 210, 95),
(4854, '4x Cortex-A7 1.3 ГГц', 211, 95),
(4855, '28 нм', 212, 95),
(4856, 'Mali-400 MP2', 213, 95),
(4857, '1 Гб', 99, 95),
(4858, '32 ГБ', 214, 95),
(4859, 'есть (отдельный слот)', 215, 95),
(4860, 'microSD', 216, 95),
(4861, '64 ГБ', 217, 95),
(4862, 'акселерометр', 218, 95),
(4863, 'есть', 219, 95),
(4864, '1', 220, 95),
(4865, '2 Мп', 221, 95),
(4866, 'нет', 223, 95),
(4867, 'светодиодная', 224, 95),
(4868, 'нет', 225, 95),
(4869, 'нет', 228, 95),
(4870, '2 Мп', 229, 95),
(4871, 'нет', 230, 95),
(4872, '4.0', 233, 95),
(4873, '4 (802.11n)', 194, 95),
(4874, 'нет', 234, 95),
(4875, 'GPS, A-GPS', 235, 95),
(4876, 'micro USB', 237, 95),
(4877, 'Mini Jack 3.5 мм', 239, 95),
(4878, 'нет', 240, 95),
(4879, 'есть', 241, 95),
(4880, 'документация, зарядное устройство, кабель micro USB', 53, 95),
(4881, 'Li-Ion', 123, 95),
(4882, '2500 мА*ч', 124, 95),
(4883, '110-220 В/50-60 Гц', 256, 95),
(4884, '5 Вт', 257, 95),
(4885, 'нет', 243, 95),
(4886, 'нет', 244, 95),
(4887, '3 ч', 246, 95),
(4888, '73 мм', 127, 95),
(4889, '144.5 мм', 249, 95),
(4890, '10.3 мм', 128, 95),
(4891, 'https://c.dns-shop.ru/thumb/st4/fit/300/300/989da1fb78cdfed37a4d583c736da92b/2f4d6e7ec99d7adec7d043c01f61aaa523c9d968cdca19e29ff7846a0ad76a3a.jpg', 3, 96),
(4892, '12 мес.', 7, 96),
(4893, 'OSCAL C20', 9, 96),
(4894, '2021', 130, 96),
(4895, 'зеленый', 195, 96),
(4896, 'черный', 196, 96),
(4897, 'зеленый', 197, 96),
(4898, 'зеленый', 79, 96),
(4899, 'GSM 900, GSM 1800, GSM 1900, GSM 850', 198, 96),
(4900, 'UMTS 900, UMTS 2100', 199, 96),
(4901, 'нет', 200, 96),
(4902, 'нет', 201, 96),
(4903, 'Nano-SIM (12.3x8.8x0.67 мм)', 202, 96),
(4904, '2 SIM', 203, 96),
(4905, 'нет', 204, 96),
(4906, '6.09\"', 13, 96),
(4907, '1640х720', 89, 96),
(4908, '294 ppi', 29, 96),
(4909, 'IPS', 205, 96),
(4910, '19.5:9', 17, 96),
(4911, '16 млн', 206, 96),
(4912, '60 Гц', 148, 96),
(4913, 'пластик', 81, 96),
(4914, 'Android', 75, 96),
(4915, 'Android 11 Go', 207, 96),
(4916, 'Unisoc (Spreadtrum)', 208, 96),
(4917, 'Spreadtrum SC7731E', 91, 96),
(4918, '4', 209, 96),
(4919, '1.3 ГГц', 210, 96),
(4920, '4x Cortex-A7 1.3 ГГц', 211, 96),
(4921, '28 нм', 212, 96),
(4922, 'Mali-T820 MP1', 213, 96),
(4923, '1 Гб', 99, 96),
(4924, '32 ГБ', 214, 96),
(4925, 'есть (отдельный слот)', 215, 96),
(4926, 'microSD', 216, 96),
(4927, '128 ГБ', 217, 96),
(4928, 'датчик освещенности', 218, 96),
(4929, 'есть', 219, 96),
(4930, '2', 220, 96),
(4931, '5 Мп', 221, 96),
(4932, 'GalaxyCore GC5035', 222, 96),
(4933, 'есть', 223, 96),
(4934, 'светодиодная', 224, 96),
(4935, 'нет', 225, 96),
(4936, '3264x2448', 258, 96),
(4937, 'нет', 228, 96),
(4938, '2 Мп', 229, 96),
(4939, 'GalaxyCore GC02M1', 259, 96),
(4940, '2.2', 260, 96),
(4941, 'нет', 230, 96),
(4942, 'нет', 231, 96),
(4943, 'нет', 232, 96),
(4944, '4.2', 233, 96),
(4945, '4 (802.11n)', 194, 96),
(4946, 'нет', 234, 96),
(4947, 'GPS', 235, 96),
(4948, 'нет', 236, 96),
(4949, 'micro USB', 237, 96),
(4950, 'нет', 238, 96),
(4951, 'Mini Jack 3.5 мм', 239, 96),
(4952, 'нет', 240, 96),
(4953, 'есть', 241, 96),
(4954, 'чехол, документация, зарядное устройство, кабель micro USB', 53, 96),
(4955, 'распознавание лица', 242, 96),
(4956, 'нет', 261, 96),
(4957, 'Li-polymer', 123, 96),
(4958, '3380 мА*ч', 124, 96),
(4959, 'есть', 254, 96),
(4960, '5 Вт', 257, 96),
(4961, 'нет', 243, 96),
(4962, 'нет', 244, 96),
(4963, '73.3 мм', 127, 96),
(4964, '155.4 мм', 249, 96),
(4965, '9.8 мм', 128, 96),
(4966, '152 г', 129, 96),
(4967, 'https://c.dns-shop.ru/thumb/st4/fit/300/300/923946904382efbece3a5a79f308de28/368c834200bcb57bd304e65117eea2c452d8d45ea70e13a06a75985c156d3cbb.jpg', 3, 97),
(4968, '12 мес.', 7, 97),
(4969, 'DEXP G660', 9, 97),
(4970, '2021', 130, 97),
(4971, 'голубой', 195, 97),
(4972, 'черный', 196, 97),
(4973, 'голубой', 197, 97),
(4974, 'голубой', 79, 97),
(4975, 'GSM 900, GSM 1800, GSM 1900, GSM 850', 198, 97),
(4976, 'WCDMA 2100, WCDMA 800', 199, 97),
(4977, 'нет', 200, 97),
(4978, 'нет', 201, 97),
(4979, 'Nano-SIM (12.3x8.8x0.67 мм)', 202, 97),
(4980, '2 SIM', 203, 97),
(4981, '6.53\"', 13, 97),
(4982, '1560x720', 89, 97),
(4983, '263 ppi', 29, 97),
(4984, 'IPS', 205, 97),
(4985, '19:9', 17, 97),
(4986, '60 Гц', 148, 97),
(4987, 'пластик', 81, 97),
(4988, 'Android', 75, 97),
(4989, 'Android 11 Go', 207, 97),
(4990, 'есть', 251, 97),
(4991, 'Unisoc (Spreadtrum)', 208, 97),
(4992, 'Spreadtrum SC7731E', 91, 97),
(4993, '4', 209, 97),
(4994, '1.3 ГГц', 210, 97),
(4995, '4x Cortex-A7 1.3 ГГц', 211, 97),
(4996, '28 нм', 212, 97),
(4997, 'Mali-T820 MP1', 213, 97),
(4998, '1 Гб', 99, 97),
(4999, '32 ГБ', 214, 97),
(5000, 'есть (отдельный слот)', 215, 97),
(5001, 'датчик освещенности', 218, 97),
(5002, 'есть', 219, 97),
(5003, '1', 220, 97),
(5004, '8 Мп', 221, 97),
(5005, 'есть', 223, 97),
(5006, 'нет', 228, 97),
(5007, '2 Мп', 229, 97),
(5008, 'нет', 230, 97),
(5009, 'нет', 262, 97),
(5010, '2.1+EDR', 233, 97),
(5011, '4 (802.11n)', 194, 97),
(5012, 'нет', 234, 97),
(5013, 'GPS, A-GPS', 235, 97),
(5014, 'micro USB', 237, 97),
(5015, 'Mini Jack 3.5 мм', 239, 97),
(5016, 'нет', 240, 97),
(5017, 'есть', 241, 97),
(5018, 'документация, зарядное устройство, скрепка для извлечения слота SIM-карты, кабель micro USB', 53, 97),
(5019, 'Li-Ion', 123, 97),
(5020, '3000 мА*ч', 124, 97),
(5021, '5 Вт', 257, 97),
(5022, '9 ч', 246, 97),
(5023, '78.4 мм', 127, 97),
(5024, '166 мм', 249, 97),
(5025, '9.5 мм', 128, 97),
(5026, '216 г', 129, 97),
(5027, 'https://c.dns-shop.ru/thumb/st1/fit/300/300/3f936ed30a0b0e9709f65e582b658e84/7e9bc533edc333db6a7a8f87739d7c6403f742ee6a2f0d5491a59afd691ae870.jpg', 3, 98),
(5028, '12 мес.', 7, 98),
(5029, 'Китай', 68, 98),
(5030, 'BQ 5031G Fun', 9, 98),
(5031, '2021', 130, 98),
(5032, 'зеленый', 195, 98),
(5033, 'черный', 196, 98),
(5034, 'зеленый', 197, 98),
(5035, 'морская волна', 79, 98),
(5036, 'GSM 900, GSM 1800, GSM 1900, GSM 850', 198, 98),
(5037, 'WCDMA 2100, WCDMA 900', 199, 98),
(5038, 'нет', 200, 98),
(5039, 'нет', 252, 98),
(5040, 'нет', 201, 98),
(5041, 'Micro-SIM (15x12x0.76 мм)', 202, 98),
(5042, '2 SIM', 203, 98),
(5043, 'нет', 204, 98),
(5044, 'режим ожидания', 263, 98),
(5045, '5\"', 13, 98),
(5046, '1280x720', 89, 98),
(5047, '294 ppi', 29, 98),
(5048, 'IPS', 205, 98),
(5049, '16:9', 17, 98),
(5050, 'пластик', 81, 98),
(5051, 'нет', 255, 98),
(5052, 'Android', 75, 98),
(5053, 'Android 10 Go', 207, 98),
(5054, 'есть', 251, 98),
(5055, 'Unisoc (Spreadtrum)', 208, 98),
(5056, 'Spreadtrum SC7731E', 91, 98),
(5057, '4', 209, 98),
(5058, '1.3 ГГц', 210, 98),
(5059, '4x Cortex-A7 1.3 ГГц', 211, 98),
(5060, 'Mali-T820 MP1', 213, 98),
(5061, '1 Гб', 99, 98),
(5062, '8 ГБ', 214, 98),
(5063, 'есть (отдельный слот)', 215, 98),
(5064, 'microSD', 216, 98),
(5065, '128 ГБ', 217, 98),
(5066, '1', 220, 98),
(5067, '2 Мп', 221, 98),
(5068, 'нет', 225, 98),
(5069, 'нет', 228, 98),
(5070, '2 Мп', 229, 98),
(5071, 'нет', 262, 98),
(5072, 'нет', 232, 98),
(5073, '4.2', 233, 98),
(5074, '4 (802.11n)', 194, 98),
(5075, 'нет', 234, 98),
(5076, 'GPS, A-GPS', 235, 98),
(5077, 'micro USB', 237, 98),
(5078, 'нет', 264, 98),
(5079, 'Mini Jack 3.5 мм', 239, 98),
(5080, 'нет', 240, 98),
(5081, 'есть', 241, 98),
(5082, 'документация, зарядное устройство, кабель micro USB', 53, 98),
(5083, 'нет', 242, 98),
(5084, 'нет', 261, 98),
(5085, 'Li-Ion', 123, 98),
(5086, '2000 мА*ч', 124, 98),
(5087, 'есть', 254, 98),
(5088, 'нет', 243, 98),
(5089, 'нет', 244, 98),
(5090, '72.5 мм', 127, 98),
(5091, '146.8 мм', 249, 98),
(5092, '8.9 мм', 128, 98),
(5093, '153 г', 129, 98),
(5094, 'https://c.dns-shop.ru/thumb/st1/fit/300/300/d82708e6fd24d34a05dfeed9b8ed799d/bdab91617cb7d70fbc494e7d02ffdbae7888f76a129423098cbe85da11423a39.jpg', 3, 99),
(5095, '12 мес.', 7, 99),
(5096, 'Китай', 68, 99),
(5097, 'BQ 5031G Fun', 9, 99),
(5098, '2021', 130, 99),
(5099, 'синий', 195, 99),
(5100, 'черный', 196, 99),
(5101, 'синий', 197, 99),
(5102, 'ночной синий', 79, 99),
(5103, 'GSM 900, GSM 1800, GSM 1900, GSM 850', 198, 99),
(5104, 'WCDMA 2100, WCDMA 900', 199, 99),
(5105, 'нет', 200, 99),
(5106, 'нет', 252, 99),
(5107, 'нет', 201, 99),
(5108, 'Micro-SIM (15x12x0.76 мм)', 202, 99),
(5109, '2 SIM', 203, 99),
(5110, 'нет', 204, 99),
(5111, 'режим ожидания', 263, 99),
(5112, '5\"', 13, 99),
(5113, '1280x720', 89, 99),
(5114, '294 ppi', 29, 99),
(5115, 'IPS', 205, 99),
(5116, '16:9', 17, 99),
(5117, 'пластик', 81, 99),
(5118, 'нет', 255, 99),
(5119, 'Android', 75, 99),
(5120, 'Android 10 Go', 207, 99),
(5121, 'есть', 251, 99),
(5122, 'Unisoc (Spreadtrum)', 208, 99),
(5123, 'Spreadtrum SC7731E', 91, 99),
(5124, '4', 209, 99),
(5125, '1.3 ГГц', 210, 99),
(5126, '4x Cortex-A7 1.3 ГГц', 211, 99),
(5127, 'Mali-T820 MP1', 213, 99),
(5128, '1 Гб', 99, 99),
(5129, '8 ГБ', 214, 99),
(5130, 'есть (отдельный слот)', 215, 99),
(5131, 'microSD', 216, 99),
(5132, '128 ГБ', 217, 99),
(5133, '1', 220, 99),
(5134, '2 Мп', 221, 99),
(5135, 'нет', 225, 99),
(5136, 'нет', 228, 99),
(5137, '2 Мп', 229, 99),
(5138, 'нет', 262, 99),
(5139, 'нет', 232, 99),
(5140, '4.2', 233, 99),
(5141, '4 (802.11n)', 194, 99),
(5142, 'нет', 234, 99),
(5143, 'GPS, A-GPS', 235, 99),
(5144, 'micro USB', 237, 99),
(5145, 'нет', 264, 99),
(5146, 'Mini Jack 3.5 мм', 239, 99),
(5147, 'нет', 240, 99),
(5148, 'есть', 241, 99),
(5149, 'документация, зарядное устройство, кабель micro USB', 53, 99),
(5150, 'нет', 242, 99),
(5151, 'нет', 261, 99),
(5152, 'Li-Ion', 123, 99),
(5153, '2000 мА*ч', 124, 99),
(5154, 'есть', 254, 99),
(5155, 'нет', 243, 99),
(5156, 'нет', 244, 99),
(5157, '72.5 мм', 127, 99),
(5158, '146.8 мм', 249, 99),
(5159, '8.9 мм', 128, 99),
(5160, '153 г', 129, 99),
(5161, 'https://c.dns-shop.ru/thumb/st1/fit/300/300/77d415a80e9ee4cd86dc025269329d99/213af147274283f62e940b646a1872c8d36376f7cd99831530b9b12bbfd85140.jpg', 3, 100),
(5162, '12 мес.', 7, 100),
(5163, 'Китай', 68, 100),
(5164, 'INOI A52 Lite', 9, 100),
(5165, '2021', 130, 100),
(5166, 'голубой', 195, 100),
(5167, 'черный', 196, 100),
(5168, 'голубой', 197, 100),
(5169, 'голубой', 79, 100),
(5170, 'GSM 900, GSM 1800, GSM 1900, GSM 850', 198, 100),
(5171, 'WCDMA 2100, WCDMA 900', 199, 100),
(5172, 'нет', 200, 100),
(5173, 'нет', 201, 100),
(5174, '2 SIM', 203, 100),
(5175, 'нет', 204, 100),
(5176, '5.45\"', 13, 100),
(5177, '960x480', 89, 100),
(5178, '196 ppi', 29, 100),
(5179, 'IPS', 205, 100),
(5180, '18:9', 17, 100),
(5181, '16 млн', 206, 100),
(5182, '60 Гц', 148, 100),
(5183, 'пластик', 81, 100),
(5184, 'нет', 255, 100),
(5185, 'нет', 250, 100),
(5186, 'Android', 75, 100),
(5187, 'Android 11', 207, 100),
(5188, 'Unisoc (Spreadtrum)', 208, 100),
(5189, 'Spreadtrum SC7731E', 91, 100),
(5190, '4', 209, 100),
(5191, '1.4 ГГц', 210, 100),
(5192, '4x Cortex-A7 1.4 ГГц', 211, 100),
(5193, '28 нм', 212, 100),
(5194, 'Mali-T820 MP1', 213, 100),
(5195, '1 Гб', 99, 100),
(5196, '32 ГБ', 214, 100),
(5197, 'есть (отдельный слот)', 215, 100),
(5198, 'microSD', 216, 100),
(5199, '128 ГБ', 217, 100),
(5200, 'акселерометр', 218, 100),
(5201, '1', 220, 100),
(5202, '5 Мп', 221, 100),
(5203, 'нет', 223, 100),
(5204, 'светодиодная', 224, 100),
(5205, 'нет', 225, 100),
(5206, 'нет', 228, 100),
(5207, '2 Мп', 229, 100),
(5208, 'нет', 230, 100),
(5209, 'нет', 231, 100),
(5210, '4.0', 233, 100),
(5211, '4 (802.11n)', 194, 100),
(5212, 'нет', 234, 100),
(5213, 'GPS, A-GPS', 235, 100),
(5214, 'нет', 236, 100),
(5215, 'micro USB', 237, 100),
(5216, 'Mini Jack 3.5 мм', 239, 100),
(5217, 'нет', 240, 100),
(5218, 'есть', 241, 100),
(5219, 'документация, зарядное устройство, кабель micro USB', 53, 100),
(5220, 'распознавание лица', 242, 100),
(5221, 'Li-Ion', 123, 100),
(5222, '2500 мА*ч', 124, 100),
(5223, 'нет', 243, 100),
(5224, 'нет', 244, 100),
(5225, '71.3 мм', 127, 100),
(5226, '147.3 мм', 249, 100),
(5227, '9.4 мм', 128, 100),
(5228, 'https://c.dns-shop.ru/thumb/st4/fit/300/300/52d1385fdb2ea38479f93619eaa97c69/6d26a81cc504fe359323e9e6a447f966e47c11e5efc71dafd03fff4312b7e7fa.jpg', 3, 101),
(5229, '12 мес.', 7, 101),
(5230, 'Китай', 68, 101),
(5231, 'INOI A52 Lite', 9, 101),
(5232, '2021', 130, 101),
(5233, 'черный', 195, 101),
(5234, 'черный', 196, 101),
(5235, 'черный', 197, 101),
(5236, 'черный', 79, 101),
(5237, 'GSM 900, GSM 1800, GSM 1900, GSM 850', 198, 101),
(5238, 'WCDMA 2100, WCDMA 900', 199, 101),
(5239, 'нет', 200, 101),
(5240, 'нет', 201, 101),
(5241, '2 SIM', 203, 101),
(5242, 'нет', 204, 101),
(5243, '5.45\"', 13, 101),
(5244, '960x480', 89, 101),
(5245, '196 ppi', 29, 101),
(5246, 'IPS', 205, 101),
(5247, '18:9', 17, 101),
(5248, '16 млн', 206, 101),
(5249, '60 Гц', 148, 101),
(5250, 'пластик', 81, 101),
(5251, 'нет', 255, 101),
(5252, 'нет', 250, 101),
(5253, 'Android', 75, 101),
(5254, 'Android 11', 207, 101),
(5255, 'Unisoc (Spreadtrum)', 208, 101),
(5256, 'Spreadtrum SC7731E', 91, 101),
(5257, '4', 209, 101),
(5258, '1.4 ГГц', 210, 101),
(5259, '4x Cortex-A7 1.4 ГГц', 211, 101),
(5260, '28 нм', 212, 101),
(5261, 'Mali-T820 MP1', 213, 101),
(5262, '1 Гб', 99, 101),
(5263, '32 ГБ', 214, 101),
(5264, 'есть (отдельный слот)', 215, 101),
(5265, 'microSD', 216, 101),
(5266, '128 ГБ', 217, 101),
(5267, 'акселерометр', 218, 101),
(5268, '1', 220, 101),
(5269, '5 Мп', 221, 101),
(5270, 'нет', 223, 101),
(5271, 'светодиодная', 224, 101),
(5272, 'нет', 225, 101),
(5273, 'нет', 228, 101),
(5274, '2 Мп', 229, 101),
(5275, 'нет', 230, 101),
(5276, 'нет', 231, 101),
(5277, '4.0', 233, 101),
(5278, '4 (802.11n)', 194, 101),
(5279, 'нет', 234, 101),
(5280, 'GPS, A-GPS', 235, 101),
(5281, 'нет', 236, 101),
(5282, 'micro USB', 237, 101),
(5283, 'Mini Jack 3.5 мм', 239, 101),
(5284, 'нет', 240, 101),
(5285, 'есть', 241, 101),
(5286, 'документация, зарядное устройство, кабель micro USB', 53, 101),
(5287, 'распознавание лица', 242, 101),
(5288, 'Li-Ion', 123, 101),
(5289, '2500 мА*ч', 124, 101),
(5290, 'нет', 243, 101),
(5291, 'нет', 244, 101),
(5292, '71.3 мм', 127, 101),
(5293, '147.3 мм', 249, 101),
(5294, '9.4 мм', 128, 101),
(5295, 'https://c.dns-shop.ru/thumb/st4/fit/300/300/474caa18a0d9893785f8e93e95b40f2c/db4a7d5ec6037191327245e9728588650aaa2efea3e031af70271276bb50ac01.jpg', 3, 102),
(5296, '12 мес.', 7, 102),
(5297, 'Китай', 68, 102),
(5298, 'Nokia C01 Plus', 9, 102),
(5299, '2021', 130, 102),
(5300, 'синий', 195, 102),
(5301, 'черный', 196, 102),
(5302, 'синий', 197, 102),
(5303, 'синий', 79, 102),
(5304, 'GSM 900, GSM 1800, GSM 1900, GSM 850', 198, 102),
(5305, 'WCDMA 2100, WCDMA 900, WCDMA 850', 199, 102),
(5306, 'есть', 200, 102),
(5307, 'LTE 700 (B28), LTE-TDD 2500 (B41), LTE-TDD 2600 (B38), FDD LTE 1800 MHz (B3), FDD LTE 2600 MHz (B7), FDD LTE 800 MHz (B20), FDD LTE 2100 MHz (B1), TDD LTE 2300 MHz (B40), FDD LTE 850 MHz (B5), FDD LTE 900 MHz (B8)', 265, 102),
(5308, 'нет', 201, 102),
(5309, 'Nano-SIM (12.3x8.8x0.67 мм)', 202, 102),
(5310, '2 SIM', 203, 102),
(5311, 'нет', 204, 102),
(5312, 'режим ожидания', 263, 102),
(5313, '5.45\"', 13, 102),
(5314, '1440x720', 89, 102),
(5315, '295 ppi', 29, 102),
(5316, 'IPS', 205, 102),
(5317, '18:9', 17, 102),
(5318, 'пластик', 81, 102),
(5319, 'Android', 75, 102),
(5320, 'Android 11 Go', 207, 102),
(5321, 'есть', 251, 102),
(5322, 'Unisoc (Spreadtrum)', 208, 102),
(5323, 'Spreadtrum SC9863A', 91, 102),
(5324, '8', 209, 102),
(5325, '1.6 ГГц', 210, 102),
(5326, '4x Cortex-A55 1.6 ГГц, 4x Cortex-A55 1.2 ГГц', 211, 102),
(5327, '28 нм', 212, 102),
(5328, 'PowerVR GE8322', 213, 102),
(5329, '1 Гб', 99, 102),
(5330, '16 ГБ', 214, 102),
(5331, 'есть (отдельный слот)', 215, 102),
(5332, 'microSD', 216, 102);
INSERT INTO `product_properties` (`IdProductProperties`, `Value`, `IdCharacteristic`, `IdProduct`) VALUES
(5333, '128 ГБ', 217, 102),
(5334, 'датчик освещенности', 218, 102),
(5335, 'есть', 219, 102),
(5336, '1', 220, 102),
(5337, '5 Мп', 221, 102),
(5338, 'светодиодная', 224, 102),
(5339, 'HD', 226, 102),
(5340, '1280x720 (30 кадр./сек.)', 227, 102),
(5341, 'нет', 228, 102),
(5342, '5 Мп', 229, 102),
(5343, 'есть', 231, 102),
(5344, '1280x720 (30 кадр./сек.)', 266, 102),
(5345, 'нет', 232, 102),
(5346, '4.2', 233, 102),
(5347, '4 (802.11n)', 194, 102),
(5348, 'нет', 234, 102),
(5349, 'GPS, A-GPS', 235, 102),
(5350, 'micro USB', 237, 102),
(5351, 'Mini Jack 3.5 мм', 239, 102),
(5352, 'нет', 240, 102),
(5353, 'есть', 241, 102),
(5354, 'чехол, документация, зарядное устройство, кабель micro USB', 53, 102),
(5355, 'распознавание лица', 242, 102),
(5356, 'Li-Ion', 123, 102),
(5357, '3000 мА*ч', 124, 102),
(5358, 'есть', 254, 102),
(5359, '5 Вт', 257, 102),
(5360, '71.8 мм', 127, 102),
(5361, '148 мм', 249, 102),
(5362, '9.3 мм', 128, 102),
(5363, '157 г', 129, 102),
(5364, 'https://c.dns-shop.ru/thumb/st1/fit/300/300/8cc8848a4c8348a3d4159a4c8eaec904/b695421b036a2d478969be020bb33ce22f07f1059d0a777b8096fe5ea2147758.jpg', 3, 103),
(5365, '12 мес.', 7, 103),
(5366, 'Китай', 68, 103),
(5367, 'Nokia C01 Plus', 9, 103),
(5368, '2021', 130, 103),
(5369, 'фиолетовый', 195, 103),
(5370, 'черный', 196, 103),
(5371, 'фиолетовый', 197, 103),
(5372, 'фиолетовый', 79, 103),
(5373, 'GSM 900, GSM 1800, GSM 1900, GSM 850', 198, 103),
(5374, 'WCDMA 2100, WCDMA 900, WCDMA 850', 199, 103),
(5375, 'есть', 200, 103),
(5376, 'LTE 700 (B28), LTE-TDD 2500 (B41), LTE-TDD 2600 (B38), FDD LTE 1800 MHz (B3), FDD LTE 2600 MHz (B7), FDD LTE 800 MHz (B20), FDD LTE 2100 MHz (B1), TDD LTE 2300 MHz (B40), FDD LTE 850 MHz (B5), FDD LTE 900 MHz (B8)', 265, 103),
(5377, 'нет', 201, 103),
(5378, 'Nano-SIM (12.3x8.8x0.67 мм)', 202, 103),
(5379, '2 SIM', 203, 103),
(5380, 'нет', 204, 103),
(5381, 'режим ожидания', 263, 103),
(5382, '5.45\"', 13, 103),
(5383, '1440x720', 89, 103),
(5384, '295 ppi', 29, 103),
(5385, 'IPS', 205, 103),
(5386, '18:9', 17, 103),
(5387, 'пластик', 81, 103),
(5388, 'Android', 75, 103),
(5389, 'Android 11 Go', 207, 103),
(5390, 'есть', 251, 103),
(5391, 'Unisoc (Spreadtrum)', 208, 103),
(5392, 'Spreadtrum SC9863A', 91, 103),
(5393, '8', 209, 103),
(5394, '1.6 ГГц', 210, 103),
(5395, '4x Cortex-A55 1.6 ГГц, 4x Cortex-A55 1.2 ГГц', 211, 103),
(5396, '28 нм', 212, 103),
(5397, 'PowerVR GE8322', 213, 103),
(5398, '1 Гб', 99, 103),
(5399, '16 ГБ', 214, 103),
(5400, 'есть (отдельный слот)', 215, 103),
(5401, 'microSD', 216, 103),
(5402, '128 ГБ', 217, 103),
(5403, 'датчик освещенности', 218, 103),
(5404, 'есть', 219, 103),
(5405, '1', 220, 103),
(5406, '5 Мп', 221, 103),
(5407, 'светодиодная', 224, 103),
(5408, 'HD', 226, 103),
(5409, '1280x720 (30 кадр./сек.)', 227, 103),
(5410, 'нет', 228, 103),
(5411, '5 Мп', 229, 103),
(5412, 'есть', 231, 103),
(5413, '1280x720 (30 кадр./сек.)', 266, 103),
(5414, 'нет', 232, 103),
(5415, '4.2', 233, 103),
(5416, '4 (802.11n)', 194, 103),
(5417, 'нет', 234, 103),
(5418, 'GPS, A-GPS', 235, 103),
(5419, 'micro USB', 237, 103),
(5420, 'Mini Jack 3.5 мм', 239, 103),
(5421, 'нет', 240, 103),
(5422, 'есть', 241, 103),
(5423, 'чехол, документация, зарядное устройство, кабель micro USB', 53, 103),
(5424, 'распознавание лица', 242, 103),
(5425, 'Li-Ion', 123, 103),
(5426, '3000 мА*ч', 124, 103),
(5427, 'есть', 254, 103),
(5428, '5 Вт', 257, 103),
(5429, '71.8 мм', 127, 103),
(5430, '148 мм', 249, 103),
(5431, '9.3 мм', 128, 103),
(5432, '157 г', 129, 103),
(5433, 'https://c.dns-shop.ru/thumb/st1/fit/300/300/0acf9e2c2da41ff494dd71654c836823/48e7533fc52e5b264c47052381085aa4ccf56bf9f00b487f43cae9d9eb3559dc.jpg', 3, 104),
(5434, '12 мес.', 7, 104),
(5435, 'Гонконг', 68, 104),
(5436, 'Black Fox B2', 9, 104),
(5437, '2021', 130, 104),
(5438, 'синий', 195, 104),
(5439, 'черный', 196, 104),
(5440, 'синий', 197, 104),
(5441, 'синий', 79, 104),
(5442, 'GSM 900, GSM 1800, GSM 1900, GSM 850', 198, 104),
(5443, 'UMTS 900, UMTS 2100, UMTS 1900, UMTS 850', 199, 104),
(5444, 'нет', 200, 104),
(5445, 'нет', 201, 104),
(5446, 'Micro-SIM (15x12x0.76 мм), Nano-SIM (12.3x8.8x0.67 мм)', 202, 104),
(5447, '2 SIM', 203, 104),
(5448, 'нет', 204, 104),
(5449, '5.5\"', 13, 104),
(5450, '1440x720', 89, 104),
(5451, '292 ppi', 29, 104),
(5452, 'IPS', 205, 104),
(5453, '18:9', 17, 104),
(5454, '16 млн', 206, 104),
(5455, '60 Гц', 148, 104),
(5456, 'пластик', 81, 104),
(5457, 'Android', 75, 104),
(5458, 'Android 11 Go', 207, 104),
(5459, 'Unisoc (Spreadtrum)', 208, 104),
(5460, 'Spreadtrum SC7731E', 91, 104),
(5461, '4', 209, 104),
(5462, '1.3 ГГц', 210, 104),
(5463, '4x Cortex-A7 1.3 ГГц', 211, 104),
(5464, '28 нм', 212, 104),
(5465, 'Mali-T820 MP1', 213, 104),
(5466, '1 Гб', 99, 104),
(5467, '8 ГБ', 214, 104),
(5468, 'есть (отдельный слот)', 215, 104),
(5469, 'microSD', 216, 104),
(5470, '128 ГБ', 217, 104),
(5471, 'датчик освещенности', 218, 104),
(5472, '1', 220, 104),
(5473, '8 Мп', 221, 104),
(5474, '2', 267, 104),
(5475, 'есть', 223, 104),
(5476, 'светодиодная', 224, 104),
(5477, 'нет', 225, 104),
(5478, 'нет', 228, 104),
(5479, '5 Мп', 229, 104),
(5480, '2', 260, 104),
(5481, 'нет', 230, 104),
(5482, 'нет', 231, 104),
(5483, '2.1', 233, 104),
(5484, '4 (802.11n)', 194, 104),
(5485, 'нет', 234, 104),
(5486, 'GPS, A-GPS', 235, 104),
(5487, 'нет', 236, 104),
(5488, 'micro USB', 237, 104),
(5489, 'Mini Jack 3.5 мм', 239, 104),
(5490, 'нет', 240, 104),
(5491, 'есть', 241, 104),
(5492, 'документация, зарядное устройство, кабель micro USB', 53, 104),
(5493, 'Li-Ion', 123, 104),
(5494, '2200 мА*ч', 124, 104),
(5495, 'есть', 254, 104),
(5496, '5 Вт', 257, 104),
(5497, 'нет', 243, 104),
(5498, 'нет', 244, 104),
(5499, '72 мм', 127, 104),
(5500, '150 мм', 249, 104),
(5501, '10 мм', 128, 104),
(5502, '178 г', 129, 104),
(5503, 'https://c.dns-shop.ru/thumb/st4/fit/300/300/5f85263966a88c462c3990c5e3dff8f8/f7ef1b90ad85629304912ea0e89188bb581889bd659a3e34f2c21c2faf709e6c.jpg', 3, 105),
(5504, '36 мес.', 71, 105),
(5505, 'Acer EK220QAbi', 9, 105),
(5506, '[UM.WE0EE.A01]', 10, 105),
(5507, 'черный', 11, 105),
(5508, 'нет', 12, 105),
(5509, '21.5\"', 13, 105),
(5510, '1920x1080', 14, 105),
(5511, 'LED', 15, 105),
(5512, 'VA', 16, 105),
(5513, '16:9', 17, 105),
(5514, 'нет', 18, 105),
(5515, 'матовое', 19, 105),
(5516, 'нет', 69, 105),
(5517, 'нет', 20, 105),
(5518, '475.96 x 267.73 мм', 21, 105),
(5519, '250 Кд/м²', 22, 105),
(5520, '3000 : 1', 23, 105),
(5521, '100М:1', 24, 105),
(5522, '5 мс', 25, 105),
(5523, '5 мс', 26, 105),
(5524, '178°', 27, 105),
(5525, '178°', 28, 105),
(5526, 'AMD FreeSync', 62, 105),
(5527, '102 ppi', 29, 105),
(5528, '75 Гц', 30, 105),
(5529, '75 Гц', 63, 105),
(5530, '8bit', 31, 105),
(5531, 'HDMI', 32, 105),
(5532, 'есть', 36, 105),
(5533, 'нет', 37, 105),
(5534, 'нет', 38, 105),
(5535, 'есть', 39, 105),
(5536, 'нет', 64, 105),
(5537, 'нет', 65, 105),
(5538, '75х75', 40, 105),
(5539, 'нет', 41, 105),
(5540, 'нет', 42, 105),
(5541, 'есть', 43, 105),
(5542, 'нет', 44, 105),
(5543, 'нет', 45, 105),
(5544, 'нет', 46, 105),
(5545, '17 Вт', 49, 105),
(5546, 'нет', 51, 105),
(5547, '100-240 В / 50-60 Гц', 52, 105),
(5548, 'кабель питания, кабель HDMI - HDMI', 53, 105),
(5549, 'нет', 47, 105),
(5550, '2.4 кг', 57, 105),
(5551, '503 мм', 58, 105),
(5552, '379 мм', 59, 105),
(5553, '181 мм', 60, 105),
(5554, '2.8 кг', 61, 105),
(5555, 'https://c.dns-shop.ru/thumb/st1/fit/300/300/199322c036bbfd96fa2b3a016931b977/c66b571497aa1ebbbc7b91705b59a7d889456f074712ea6bf90a7d897e3fb50c.jpg', 3, 106),
(5556, '36 мес.', 7, 106),
(5557, 'Acer K202HQLAb', 9, 106),
(5558, '[UM.IX3EE.A01]', 10, 106),
(5559, 'черный', 11, 106),
(5560, 'нет', 12, 106),
(5561, '19.5\"', 13, 106),
(5562, '1366x768', 14, 106),
(5563, 'LED', 15, 106),
(5564, 'TN', 16, 106),
(5565, '16:9', 17, 106),
(5566, 'нет', 18, 106),
(5567, 'матовое', 19, 106),
(5568, 'нет', 69, 106),
(5569, 'есть', 20, 106),
(5570, '431 x 242 мм', 21, 106),
(5571, '200 Кд/м²', 22, 106),
(5572, '1000 : 1', 23, 106),
(5573, '100М:1', 24, 106),
(5574, '5 мс', 25, 106),
(5575, '5 мс', 26, 106),
(5576, '110°', 27, 106),
(5577, '85°', 28, 106),
(5578, 'нет', 62, 106),
(5579, '80 ppi', 29, 106),
(5580, '60 Гц', 30, 106),
(5581, '80 Гц', 63, 106),
(5582, '8bit', 31, 106),
(5583, 'VGA (D-Sub)', 32, 106),
(5584, 'нет', 33, 106),
(5585, 'нет', 34, 106),
(5586, 'нет', 35, 106),
(5587, 'нет', 36, 106),
(5588, 'нет', 37, 106),
(5589, 'нет', 38, 106),
(5590, 'есть', 39, 106),
(5591, 'нет', 64, 106),
(5592, 'нет', 65, 106),
(5593, '100x100', 40, 106),
(5594, 'нет', 41, 106),
(5595, 'нет', 42, 106),
(5596, 'есть', 43, 106),
(5597, 'нет', 44, 106),
(5598, 'нет', 45, 106),
(5599, 'нет', 46, 106),
(5600, 'встроенный', 66, 106),
(5601, '11 Вт', 49, 106),
(5602, '0.4 Вт', 50, 106),
(5603, '100-240 В / 50-60 Гц', 52, 106),
(5604, 'нет', 47, 106),
(5605, '463.4 мм', 54, 106),
(5606, '50 мм', 56, 106),
(5607, '2.5 кг', 57, 106),
(5608, '463.4 мм', 58, 106),
(5609, '362.2 мм', 67, 106),
(5610, '362.2 мм', 59, 106),
(5611, '191 мм', 60, 106),
(5612, '2.9 кг', 61, 106),
(5613, 'https://c.dns-shop.ru/thumb/st4/fit/500/500/0bd023e3f139b5aa7cf2a8edca79e460/edbdea5309c2ed4ce40056b9e929b981020051473eda32b32874edb4d4ae09de.jpg', 3, 107),
(5614, '36 мес.', 7, 107),
(5615, 'MSI Pro MP241X', 9, 107),
(5616, 'черный', 11, 107),
(5617, 'нет', 12, 107),
(5618, '23.8\"', 13, 107),
(5619, '1920x1080', 14, 107),
(5620, 'LED', 15, 107),
(5621, 'VA', 16, 107),
(5622, '16:9', 17, 107),
(5623, 'нет', 18, 107),
(5624, 'матовое', 19, 107),
(5625, 'нет', 69, 107),
(5626, 'есть', 20, 107),
(5627, '534 x 307.8 мм', 21, 107),
(5628, '250 Кд/м²', 22, 107),
(5629, '3000 : 1', 23, 107),
(5630, '8 мс', 25, 107),
(5631, '178°', 27, 107),
(5632, '178°', 28, 107),
(5633, 'нет', 62, 107),
(5634, '93 ppi', 29, 107),
(5635, '75 Гц', 30, 107),
(5636, '75 Гц', 63, 107),
(5637, '8bit', 31, 107),
(5638, 'HDMI', 32, 107),
(5639, 'нет', 33, 107),
(5640, 'нет', 34, 107),
(5641, 'нет', 35, 107),
(5642, 'есть', 36, 107),
(5643, 'нет', 37, 107),
(5644, 'нет', 38, 107),
(5645, 'есть', 39, 107),
(5646, 'нет', 64, 107),
(5647, '105%', 74, 107),
(5648, 'трехсторонний', 65, 107),
(5649, '75х75', 40, 107),
(5650, 'нет', 41, 107),
(5651, 'нет', 42, 107),
(5652, 'есть', 43, 107),
(5653, 'нет', 44, 107),
(5654, 'нет', 45, 107),
(5655, 'нет', 46, 107),
(5656, 'внешний', 66, 107),
(5657, '100-240 В / 50-60 Гц', 52, 107),
(5658, 'документация, блок питания, кабель HDMI', 53, 107),
(5659, 'нет', 47, 107),
(5660, '541.79 мм', 54, 107),
(5661, '541.79 мм', 58, 107),
(5662, '416.61 мм', 67, 107),
(5663, '416.61 мм', 59, 107),
(5664, '180.8 мм', 60, 107),
(5665, '2.85 кг', 61, 107),
(5666, 'https://c.dns-shop.ru/thumb/st4/fit/300/300/5faff1acf1f1bfa58b39c3dbad1a2908/822d0078ddbabb0dc62a0b888cec4eae95120be5ed638855a3397ab181241819.jpg', 3, 108),
(5667, '36 мес.', 7, 108),
(5668, 'Acer SA241YAbi', 9, 108),
(5669, '[UM.QS1EE.A01]', 10, 108),
(5670, 'черный', 11, 108),
(5671, 'нет', 12, 108),
(5672, '23.8\"', 13, 108),
(5673, '1920x1080', 14, 108),
(5674, 'LED', 15, 108),
(5675, 'VA', 16, 108),
(5676, '16:9', 17, 108),
(5677, 'нет', 18, 108),
(5678, 'матовое', 19, 108),
(5679, 'есть', 20, 108),
(5680, '526.88 x 296.37 мм', 21, 108),
(5681, '250 Кд/м²', 22, 108),
(5682, '1 мс', 26, 108),
(5683, '178°', 27, 108),
(5684, '178°', 28, 108),
(5685, 'AMD FreeSync', 62, 108),
(5686, '93 ppi', 29, 108),
(5687, '75 Гц', 30, 108),
(5688, 'HDMI', 32, 108),
(5689, 'есть', 36, 108),
(5690, 'нет', 37, 108),
(5691, 'нет', 38, 108),
(5692, 'есть', 39, 108),
(5693, 'трехсторонний', 65, 108),
(5694, 'нет', 40, 108),
(5695, 'нет', 42, 108),
(5696, 'нет', 44, 108),
(5697, 'нет', 45, 108),
(5698, 'нет', 46, 108),
(5699, '20 Вт', 49, 108),
(5700, 'нет', 47, 108),
(5701, '2.2 кг', 61, 108),
(5702, 'https://c.dns-shop.ru/thumb/st4/fit/300/300/e5b62becfec9cc931d107d7aa6cf39e4/adefa7e40ae765c8921bc33b0b4b24011281ae97dc3387f0f87e1e192aa1b413.jpg', 3, 109),
(5703, '36 мес.', 71, 109),
(5704, 'Китай', 68, 109),
(5705, 'Acer K222HQLb', 9, 109),
(5706, '[UM.WX3EE.002]', 10, 109),
(5707, 'черный', 11, 109),
(5708, 'нет', 12, 109),
(5709, '21.5\"', 13, 109),
(5710, '1920x1080', 14, 109),
(5711, 'LED', 15, 109),
(5712, 'TN', 16, 109),
(5713, '16:9', 17, 109),
(5714, 'нет', 18, 109),
(5715, 'матовое', 19, 109),
(5716, 'нет', 69, 109),
(5717, 'есть', 20, 109),
(5718, '476 x 268 мм', 21, 109),
(5719, '200 Кд/м²', 22, 109),
(5720, '1000 : 1', 23, 109),
(5721, '100М:1', 24, 109),
(5722, '5 мс', 25, 109),
(5723, '5 мс', 26, 109),
(5724, '90°', 27, 109),
(5725, '65°', 28, 109),
(5726, 'нет', 62, 109),
(5727, '102 ppi', 29, 109),
(5728, '60 Гц', 30, 109),
(5729, '60 Гц', 63, 109),
(5730, 'VGA (D-Sub)', 32, 109),
(5731, 'нет', 33, 109),
(5732, 'нет', 34, 109),
(5733, 'нет', 35, 109),
(5734, 'нет', 36, 109),
(5735, 'нет', 37, 109),
(5736, 'нет', 38, 109),
(5737, 'есть', 39, 109),
(5738, 'нет', 64, 109),
(5739, 'нет', 65, 109),
(5740, '100x100', 40, 109),
(5741, 'нет', 41, 109),
(5742, 'нет', 42, 109),
(5743, 'есть', 43, 109),
(5744, 'нет', 44, 109),
(5745, 'нет', 45, 109),
(5746, 'нет', 46, 109),
(5747, 'встроенный', 66, 109),
(5748, '18.1 Вт', 49, 109),
(5749, '0.4 Вт', 50, 109),
(5750, 'нет', 51, 109),
(5751, '100-240 В / 50-60 Гц', 52, 109),
(5752, 'кабель VGA (D-Sub), кабель питания, документация', 53, 109),
(5753, 'нет', 47, 109),
(5754, '508 мм', 54, 109),
(5755, '304.5 мм', 55, 109),
(5756, '52 мм', 56, 109),
(5757, '2.7 кг', 57, 109),
(5758, '508 мм', 58, 109),
(5759, '391 мм', 67, 109),
(5760, '391 мм', 59, 109),
(5761, '207 мм', 60, 109),
(5762, '3.1 кг', 61, 109),
(5763, 'https://c.dns-shop.ru/thumb/st1/fit/500/500/c20ca436fbeb5e1312afdf9a00fb9eaa/c1ad437b65e5715159b7a5ad679be1d610383c85952152a62269aa5c64bd4f7c.jpg', 3, 110),
(5764, '36 мес.', 71, 110),
(5765, 'Китай', 68, 110),
(5766, 'AOC E2270SWDN', 9, 110),
(5767, 'черный', 11, 110),
(5768, 'нет', 12, 110),
(5769, '21.5\"', 13, 110),
(5770, '1920x1080', 14, 110),
(5771, 'LED', 15, 110),
(5772, 'TN', 16, 110),
(5773, '16:9', 17, 110),
(5774, 'нет', 18, 110),
(5775, 'матовое', 19, 110),
(5776, 'нет', 69, 110),
(5777, 'нет', 20, 110),
(5778, '476 x 268 мм', 21, 110),
(5779, '200 Кд/м²', 22, 110),
(5780, '700 : 1', 23, 110),
(5781, '100М:1', 24, 110),
(5782, '5 мс', 25, 110),
(5783, '5 мс', 26, 110),
(5784, '90°', 27, 110),
(5785, '65°', 28, 110),
(5786, 'нет', 62, 110),
(5787, '103 ppi', 29, 110),
(5788, '60 Гц', 30, 110),
(5789, '76 Гц', 63, 110),
(5790, '8bit', 31, 110),
(5791, 'VGA (D-Sub)', 32, 110),
(5792, 'нет', 33, 110),
(5793, 'нет', 34, 110),
(5794, 'нет', 35, 110),
(5795, 'нет', 36, 110),
(5796, 'нет', 37, 110),
(5797, 'есть', 38, 110),
(5798, 'есть', 39, 110),
(5799, 'нет', 64, 110),
(5800, 'нет', 65, 110),
(5801, '100x100', 40, 110),
(5802, 'нет', 41, 110),
(5803, 'нет', 42, 110),
(5804, 'есть', 43, 110),
(5805, 'нет', 44, 110),
(5806, 'нет', 45, 110),
(5807, 'нет', 46, 110),
(5808, 'встроенный', 66, 110),
(5809, '18.2 Вт', 49, 110),
(5810, '0.2 Вт', 50, 110),
(5811, 'нет', 51, 110),
(5812, '100-240 В / 50-60 Гц', 52, 110),
(5813, 'кабель VGA (D-Sub), кабель питания, кабель DVI - DVI', 53, 110),
(5814, 'нет', 47, 110),
(5815, '503.4 мм', 54, 110),
(5816, '311 мм', 55, 110),
(5817, '48 мм', 56, 110),
(5818, '503.4 мм', 58, 110),
(5819, '395 мм', 67, 110),
(5820, '395 мм', 59, 110),
(5821, '110 мм', 60, 110),
(5822, '2.7 кг', 61, 110),
(5823, 'https://c.dns-shop.ru/thumb/st4/fit/300/300/32275e311716b90bb458d09e598b7568/9acf7a8edc20a4a29b5a3d5d0b9857610790c33b83bbdc7db7ee9ab345d17419.jpg', 3, 111),
(5824, '36 мес.', 71, 111),
(5825, 'Китай', 68, 111),
(5826, 'Philips 223V5LSB2', 9, 111),
(5827, '[223V5LSB2/62]', 10, 111),
(5828, 'черный', 11, 111),
(5829, 'нет', 12, 111),
(5830, '21.5\"', 13, 111),
(5831, '1920x1080', 14, 111),
(5832, 'LED', 15, 111),
(5833, 'TN', 16, 111),
(5834, '16:9', 17, 111),
(5835, 'нет', 18, 111),
(5836, 'матовое', 19, 111),
(5837, 'нет', 69, 111),
(5838, 'нет', 20, 111),
(5839, '476 x 268 мм', 21, 111),
(5840, '200 Кд/м²', 22, 111),
(5841, '600 : 1', 23, 111),
(5842, '10M:1', 24, 111),
(5843, '5 мс', 25, 111),
(5844, '5 мс', 26, 111),
(5845, '90°', 27, 111),
(5846, '65°', 28, 111),
(5847, 'нет', 62, 111),
(5848, '103 ppi', 29, 111),
(5849, '60 Гц', 30, 111),
(5850, '76 Гц', 63, 111),
(5851, '8bit', 31, 111),
(5852, 'VGA (D-Sub)', 32, 111),
(5853, 'нет', 33, 111),
(5854, 'нет', 35, 111),
(5855, 'нет', 36, 111),
(5856, 'нет', 37, 111),
(5857, 'нет', 38, 111),
(5858, 'есть', 39, 111),
(5859, 'нет', 64, 111),
(5860, 'нет', 65, 111),
(5861, '100x100', 40, 111),
(5862, 'нет', 41, 111),
(5863, 'нет', 42, 111),
(5864, 'есть', 43, 111),
(5865, 'нет', 44, 111),
(5866, 'нет', 45, 111),
(5867, 'нет', 46, 111),
(5868, 'встроенный', 66, 111),
(5869, '19.5 Вт', 49, 111),
(5870, '0.5 Вт', 50, 111),
(5871, '0.3 Вт', 51, 111),
(5872, '100-240 В / 50-60 Гц', 52, 111),
(5873, 'кабель VGA (D-Sub), диск с ПО, кабель питания, документация', 53, 111),
(5874, 'нет', 47, 111),
(5875, '503.4 мм', 54, 111),
(5876, '316 мм', 55, 111),
(5877, '50 мм', 56, 111),
(5878, '2.35 кг', 57, 111),
(5879, '503.4 мм', 58, 111),
(5880, '376 мм', 67, 111),
(5881, '376 мм', 59, 111),
(5882, '213 мм', 60, 111),
(5883, '2.61 кг', 61, 111),
(5884, 'https://c.dns-shop.ru/thumb/st1/fit/300/300/2cce91a3f58ee82e49795e134a081a05/7c1a399d602bb1f2b3e41910b83dbf0f9f0e1107335465e239111b9c58ed2520.jpg', 3, 112),
(5885, '36 мес.', 7, 112),
(5886, 'ASUS VA247HE', 9, 112),
(5887, 'черный', 11, 112),
(5888, 'нет', 12, 112),
(5889, '23.8\"', 13, 112),
(5890, '1920x1080', 14, 112),
(5891, 'LED', 15, 112),
(5892, 'VA', 16, 112),
(5893, '16:9', 17, 112),
(5894, 'нет', 18, 112),
(5895, 'матовое', 19, 112),
(5896, 'нет', 69, 112),
(5897, 'есть', 20, 112),
(5898, '527 x 296.4 мм', 21, 112),
(5899, '250 Кд/м²', 22, 112),
(5900, '3000 : 1', 23, 112),
(5901, '100М:1', 24, 112),
(5902, '5 мс', 25, 112),
(5903, '5 мс', 26, 112),
(5904, '178°', 27, 112),
(5905, '178°', 28, 112),
(5906, 'AMD FreeSync', 62, 112),
(5907, '92 ppi', 29, 112),
(5908, '75 Гц', 30, 112),
(5909, '75 Гц', 63, 112),
(5910, '8bit', 31, 112),
(5911, 'HDMI', 32, 112),
(5912, 'нет', 33, 112),
(5913, 'нет', 34, 112),
(5914, 'нет', 35, 112),
(5915, 'есть', 36, 112),
(5916, 'нет', 37, 112),
(5917, 'есть', 38, 112),
(5918, 'есть', 39, 112),
(5919, 'нет', 64, 112),
(5920, 'трехсторонний', 65, 112),
(5921, '100x100', 40, 112),
(5922, 'нет', 41, 112),
(5923, 'нет', 42, 112),
(5924, 'есть', 43, 112),
(5925, 'нет', 44, 112),
(5926, 'нет', 45, 112),
(5927, 'нет', 46, 112),
(5928, 'встроенный', 66, 112),
(5929, '17 Вт', 49, 112),
(5930, '0.5 Вт', 50, 112),
(5931, '0.3 Вт', 51, 112),
(5932, '100-240 В / 50-60 Гц', 52, 112),
(5933, 'кабель питания, документация', 53, 112),
(5934, 'нет', 47, 112),
(5935, '541.35 мм', 54, 112),
(5936, '325.41 мм', 55, 112),
(5937, '49.44 мм', 56, 112),
(5938, '2.87 кг', 57, 112),
(5939, '541.35 мм', 58, 112),
(5940, '403.64 мм', 67, 112),
(5941, '403.64 мм', 59, 112),
(5942, '205.94 мм', 60, 112),
(5943, '3.25 кг', 61, 112),
(5944, 'https://c.dns-shop.ru/thumb/st4/fit/300/300/874cd9c5981c775c4543bd8c7ba3c489/62dc8a6b3f0f608049794684557502784b9b86457ee1631e059185254de25feb.jpg', 3, 113),
(5945, '36 мес.', 71, 113),
(5946, 'Китай', 68, 113),
(5947, 'Philips 243V7QDSB/00', 9, 113),
(5948, 'черный', 11, 113),
(5949, 'нет', 12, 113),
(5950, '23.8\"', 13, 113),
(5951, '1920x1080', 14, 113),
(5952, 'LED', 15, 113),
(5953, 'IPS', 16, 113),
(5954, 'AH-IPS', 72, 113),
(5955, '16:9', 17, 113),
(5956, 'нет', 18, 113),
(5957, 'матовое', 19, 113),
(5958, 'нет', 69, 113),
(5959, 'есть', 20, 113),
(5960, '527 x 296 мм', 21, 113),
(5961, '250 Кд/м²', 22, 113),
(5962, '1000 : 1', 23, 113),
(5963, '10M:1', 24, 113),
(5964, '4 мс', 25, 113),
(5965, '4 мс', 26, 113),
(5966, '178°', 27, 113),
(5967, '178°', 28, 113),
(5968, 'нет', 62, 113),
(5969, '93 ppi', 29, 113),
(5970, '75 Гц', 30, 113),
(5971, '76 Гц', 63, 113),
(5972, '8bit', 31, 113),
(5973, 'HDMI', 32, 113),
(5974, 'нет', 33, 113),
(5975, 'нет', 34, 113),
(5976, 'есть', 35, 113),
(5977, 'есть', 36, 113),
(5978, 'нет', 37, 113),
(5979, 'есть', 38, 113),
(5980, 'есть', 39, 113),
(5981, 'трехсторонний', 65, 113),
(5982, '100x100', 40, 113),
(5983, 'нет', 41, 113),
(5984, 'нет', 42, 113),
(5985, 'есть', 43, 113),
(5986, 'нет', 44, 113),
(5987, 'нет', 45, 113),
(5988, 'нет', 46, 113),
(5989, 'встроенный', 66, 113),
(5990, '14.1 Вт', 49, 113),
(5991, '0.5 Вт', 50, 113),
(5992, '0.3 Вт', 51, 113),
(5993, '100-240 В / 50-60 Гц', 52, 113),
(5994, 'кабель питания, документация, кабель HDMI', 53, 113),
(5995, 'нет', 47, 113),
(5996, '540 мм', 54, 113),
(5997, '325 мм', 55, 113),
(5998, '45 мм', 56, 113),
(5999, '3.1 кг', 57, 113),
(6000, '540 мм', 58, 113),
(6001, '415 мм', 67, 113),
(6002, '415 мм', 59, 113),
(6003, '209 мм', 60, 113),
(6004, '3.5 кг', 61, 113),
(6005, 'https://c.dns-shop.ru/thumb/st4/fit/300/300/e4bc16ca14d65124b1cbf07658bac331/5caa800a0af31e831b1cf3ab5a7c76663900a82e1f184d0dd8905c4f369465e9.jpg', 3, 114),
(6006, '12 мес.', 7, 114),
(6007, 'MSI Pro MP242V', 9, 114),
(6008, 'черный', 11, 114),
(6009, 'нет', 12, 114),
(6010, '23.8\"', 13, 114),
(6011, '1920x1080', 14, 114),
(6012, 'LED', 15, 114),
(6013, 'IPS', 16, 114),
(6014, '16:9', 17, 114),
(6015, 'нет', 18, 114),
(6016, 'матовое', 19, 114),
(6017, 'нет', 69, 114),
(6018, 'есть', 20, 114),
(6019, '527 x 296.4 мм', 21, 114),
(6020, '250 Кд/м²', 22, 114),
(6021, '1000 : 1', 23, 114),
(6022, '5 мс', 25, 114),
(6023, '5 мс', 26, 114),
(6024, '178°', 27, 114),
(6025, '178°', 28, 114),
(6026, 'нет', 62, 114),
(6027, '93 ppi', 29, 114),
(6028, '75 Гц', 30, 114),
(6029, '75 Гц', 63, 114),
(6030, '6bit+FRC', 31, 114),
(6031, 'HDMI', 32, 114),
(6032, 'нет', 33, 114),
(6033, 'нет', 34, 114),
(6034, 'есть', 35, 114),
(6035, 'есть', 36, 114),
(6036, 'нет', 37, 114),
(6037, 'нет', 38, 114),
(6038, 'есть', 39, 114),
(6039, '99.1%', 74, 114),
(6040, 'трехсторонний', 65, 114),
(6041, '100x100', 40, 114),
(6042, 'нет', 41, 114),
(6043, 'нет', 42, 114),
(6044, 'есть', 43, 114),
(6045, 'нет', 44, 114),
(6046, 'есть', 45, 114),
(6047, '2 x 2 Вт', 73, 114),
(6048, 'нет', 46, 114),
(6049, 'встроенный', 66, 114),
(6050, '27 Вт', 49, 114),
(6051, '0.5 Вт', 50, 114),
(6052, '0.5 Вт', 51, 114),
(6053, '100-240 В / 50-60 Гц', 52, 114),
(6054, 'кабель питания, документация, кабель HDMI - HDMI', 53, 114),
(6055, 'нет', 47, 114),
(6056, '539.5 мм', 54, 114),
(6057, '539.5 мм', 58, 114),
(6058, '402.7 мм', 67, 114),
(6059, '402.7 мм', 59, 114),
(6060, '205.7 мм', 60, 114),
(6061, '3.07 кг', 61, 114),
(6062, 'https://c.dns-shop.ru/thumb/st4/fit/300/300/cf44968ef462e3e368dd4782478162b4/19985d958981374690df9d49a5ac1bd2365f4f8d6e9524ce42c7e34d3c3895db.jpg', 3, 115),
(6063, '36 мес.', 7, 115),
(6064, 'AOC 24B2XH', 9, 115),
(6065, 'черный', 11, 115),
(6066, 'нет', 12, 115),
(6067, '23.8\"', 13, 115),
(6068, '1920x1080', 14, 115),
(6069, 'LED', 15, 115),
(6070, 'IPS', 16, 115),
(6071, '16:9', 17, 115),
(6072, 'нет', 18, 115),
(6073, 'матовое', 19, 115),
(6074, 'нет', 69, 115),
(6075, 'есть', 20, 115),
(6076, '527 x 296.4 мм', 21, 115),
(6077, '250 Кд/м²', 22, 115),
(6078, '1000 : 1', 23, 115),
(6079, '20M:1', 24, 115),
(6080, '4 мс', 25, 115),
(6081, '178°', 27, 115),
(6082, '178°', 28, 115),
(6083, 'нет', 62, 115),
(6084, '92 ppi', 29, 115),
(6085, '75 Гц', 30, 115),
(6086, '75 Гц', 63, 115),
(6087, '8bit', 31, 115),
(6088, 'HDMI', 32, 115),
(6089, 'нет', 33, 115),
(6090, 'нет', 34, 115),
(6091, 'есть', 35, 115),
(6092, 'есть', 36, 115),
(6093, 'нет', 37, 115),
(6094, 'нет', 38, 115),
(6095, 'есть', 39, 115),
(6096, 'нет', 64, 115),
(6097, '106%', 74, 115),
(6098, '78%', 268, 115),
(6099, 'трехсторонний', 65, 115),
(6100, '100x100', 40, 115),
(6101, 'нет', 41, 115),
(6102, 'нет', 42, 115),
(6103, 'есть', 43, 115),
(6104, 'нет', 44, 115),
(6105, 'нет', 45, 115),
(6106, 'нет', 46, 115),
(6107, 'внешний', 66, 115),
(6108, '19 Вт', 49, 115),
(6109, '0.3 Вт', 50, 115),
(6110, '0.3 Вт', 51, 115),
(6111, '100-240 В / 50-60 Гц', 52, 115),
(6112, 'документация, блок питания, кабель VGA', 53, 115),
(6113, 'нет', 47, 115),
(6114, '539.47 мм', 54, 115),
(6115, '320.94 мм', 55, 115),
(6116, '37.6 мм', 56, 115),
(6117, '539.47 мм', 58, 115),
(6118, '418.35 мм', 67, 115),
(6119, '418.35 мм', 59, 115),
(6120, '170.94 мм', 60, 115),
(6121, '2.7 кг', 61, 115),
(6122, '3.94 кг', 61, 115);

-- --------------------------------------------------------

--
-- Структура таблицы `role`
--

CREATE TABLE `role` (
  `NameRole` varchar(45) NOT NULL,
  `IdRole` int NOT NULL
) ENGINE=InnoDB DEFAULT CHARSET=utf8mb4 COLLATE=utf8mb4_0900_ai_ci;

--
-- Дамп данных таблицы `role`
--

INSERT INTO `role` (`NameRole`, `IdRole`) VALUES
('Admin', 1),
('User', 2);

-- --------------------------------------------------------

--
-- Структура таблицы `sales_history`
--

CREATE TABLE `sales_history` (
  `IdSalesHistory` int NOT NULL,
  `IdProduct` int NOT NULL,
  `Count` int NOT NULL,
  `Price` double NOT NULL,
  `Date` date NOT NULL
) ENGINE=InnoDB DEFAULT CHARSET=utf8mb4 COLLATE=utf8mb4_0900_ai_ci;

-- --------------------------------------------------------

--
-- Структура таблицы `users`
--

CREATE TABLE `users` (
  `idUsers` int NOT NULL,
  `SurnameUser` varchar(45) NOT NULL,
  `NameUser` varchar(45) NOT NULL,
  `LastnameUser` varchar(45) DEFAULT NULL,
  `BirthDay` date NOT NULL,
  `Email` varchar(45) NOT NULL,
  `TelNumber` varchar(20) CHARACTER SET utf8mb4 COLLATE utf8mb4_0900_ai_ci NOT NULL,
  `Password` varchar(45) NOT NULL,
  `IdRole` int DEFAULT NULL
) ENGINE=InnoDB DEFAULT CHARSET=utf8mb4 COLLATE=utf8mb4_0900_ai_ci;

--
-- Дамп данных таблицы `users`
--

INSERT INTO `users` (`idUsers`, `SurnameUser`, `NameUser`, `LastnameUser`, `BirthDay`, `Email`, `TelNumber`, `Password`, `IdRole`) VALUES
(1, 'qdada', 'dadad', 'adad', '2022-12-01', 'dkajd@mail.ru', '12313', '1111', 2),
(3, '1134313', '113113', '1313131', '2022-12-01', '33132@aa', '31313113', '1111', 2),
(14, 's', 'qa', 'a', '2022-12-03', '331312@aa', '3131311311', '1', 2);

-- --------------------------------------------------------

--
-- Структура таблицы `сharacteristic`
--

CREATE TABLE `сharacteristic` (
  `IdСharacteristic` int NOT NULL,
  `NameСharacteristic` varchar(100) NOT NULL
) ENGINE=InnoDB DEFAULT CHARSET=utf8mb4 COLLATE=utf8mb4_0900_ai_ci;

--
-- Дамп данных таблицы `сharacteristic`
--

INSERT INTO `сharacteristic` (`IdСharacteristic`, `NameСharacteristic`) VALUES
(170, 'Bluetooth'),
(173, 'DLNA'),
(187, 'DVB CAM'),
(219, 'FM радио'),
(188, 'HDMI ARC'),
(174, 'HDMI CEC'),
(3, 'img'),
(261, 'LED-индикатор уведомлений'),
(234, 'NFC'),
(120, 'Thunderbolt'),
(33, 'USB-концентратор'),
(152, 'Wi-Fi'),
(97, 'Автоматическое увеличение частоты'),
(230, 'Автофокусировка'),
(223, 'Автофокусировка основной камеры'),
(267, 'Апертура основной камеры'),
(260, 'Апертура фронтальной камеры'),
(117, 'Аудиоразъемы'),
(65, 'Безрамочный дизайн'),
(113, 'Беспроводной интерфейс'),
(242, 'Биометрическая защита'),
(46, 'Веб-камера'),
(233, 'Версия Bluetooth'),
(165, 'Версия HDMI'),
(116, 'Версия видеоразъема'),
(207, 'Версия ОС'),
(129, 'Вес'),
(57, 'Вес без подставки'),
(185, 'Вес в упаковке'),
(61, 'Вес с подставкой'),
(104, 'Вид графического ускорителя'),
(32, 'Видео разъемы'),
(115, 'Видеоразъемы'),
(178, 'Возможность настенного крепления'),
(159, 'Воспроизведение с внешних носителей'),
(25, 'Время отклика (GtG)'),
(48, 'Время отклика (MPRT)'),
(26, 'Время отклика пикселя'),
(245, 'Время работы в режиме ожидания'),
(246, 'Время работы в режиме разговора'),
(248, 'Время работы при воспроизведении видео'),
(247, 'Время работы при прослушивании музыки'),
(45, 'Встроенная акустическая система'),
(231, 'Встроенная вспышка'),
(110, 'Встроенный микрофон'),
(249, 'Высота'),
(55, 'Высота без подставки'),
(183, 'Высота коробки'),
(180, 'Высота с подставкой'),
(35, 'Выход на наушники'),
(135, 'Выходная мощность адаптера питания'),
(257, 'Выходная мощность ЗУ'),
(71, 'Гарантия АСЦ'),
(136, 'Гарантия от продавца'),
(7, 'Гарантия от производителя'),
(126, 'Глубина'),
(184, 'Глубина коробки'),
(31, 'Глубина цвета'),
(130, 'Год релиза'),
(186, 'Голосовой помощник'),
(213, 'Графический ускоритель'),
(141, 'Дата начала производства'),
(218, 'Датчики'),
(228, 'Двойная фронтальная камера'),
(144, 'Диагональ экрана'),
(13, 'Диагональ экрана (дюйм)'),
(265, 'Диапазоны частот LTE'),
(24, 'Динамическая контрастность'),
(121, 'Дополнительные интерфейсы'),
(90, 'Дополнительный дисплей'),
(166, 'Другие аудио/видеовходы'),
(167, 'Другие аудио/видеовыходы'),
(171, 'Другие порты и интерфейсы'),
(124, 'Емкость аккумулятора'),
(176, 'Запись видео'),
(241, 'Зарядное устройство в комплекте'),
(255, 'Защищенность'),
(76, 'Игровой ноутбук'),
(172, 'Игровой телевизор'),
(12, 'Изогнутый экран'),
(236, 'ИК-порт'),
(237, 'Интерфейс'),
(64, 'Картинка в картинке'),
(10, 'Код производителя'),
(164, 'Количество HDMI портов'),
(34, 'Количество USB'),
(221, 'Количество мегапикселей основной камеры'),
(229, 'Количество мегапикселей фронтальной камеры'),
(220, 'Количество основных (тыловых) камер'),
(93, 'Количество производительных ядер'),
(100, 'Количество слотов под модули памяти'),
(203, 'Количество физических SIM-карт'),
(206, 'Количество цветов экрана'),
(94, 'Количество энергоэффективных ядер'),
(209, 'Количество ядер'),
(53, 'Комплектация'),
(77, 'Конструктивное исполнение'),
(23, 'Контрастность'),
(211, 'Конфигурация процессора'),
(59, 'Максимальная высота с подставкой'),
(179, 'Максимальная потребляемая мощность'),
(63, 'Максимальная частота обновления экрана'),
(14, 'Максимальное разрешение'),
(95, 'Максимальное число потоков'),
(217, 'Максимальный объем карты памяти'),
(102, 'Максимальный объем памяти'),
(81, 'Материал корпуса'),
(80, 'Материал крышки'),
(87, 'Механическая клавиатура'),
(67, 'Минимальная высота с подставкой'),
(9, 'Модель'),
(105, 'Модель встроенной видеокарты'),
(106, 'Модель дискретной видеокарты'),
(91, 'Модель процессора'),
(222, 'Модель сенсора основной камеры'),
(259, 'Модель сенсора фронтальной камеры'),
(51, 'Мощность в выключенном режиме'),
(73, 'Мощность динамиков'),
(155, 'Мощность звука'),
(52, 'Напряжение питания'),
(256, 'Напряжение питания ЗУ'),
(240, 'Наушники в комплекте'),
(92, 'Общее количество ядер'),
(108, 'Общий объем жестких дисков (HDD)'),
(107, 'Общий объем твердотельных накопителей (SSD)'),
(214, 'Объем встроенной памяти'),
(109, 'Объем накопителя eMMC'),
(99, 'Объем оперативной памяти'),
(158, 'Объемное звучание'),
(75, 'Операционная система'),
(225, 'Оптическая стабилизация'),
(112, 'Оптический привод'),
(11, 'Основной цвет'),
(161, 'Основные видео файлы и кодеки'),
(163, 'Основные графические файлы'),
(70, 'Особенности'),
(143, 'Особенности экрана'),
(132, 'Особенности, дополнительно'),
(262, 'Отдельный ЦАП'),
(138, 'Питание'),
(29, 'Плотность пикселей'),
(44, 'Поворот на 90° (портретный режим)'),
(41, 'Поворотная подставка'),
(160, 'Поддерживаемые носители'),
(252, 'Поддержка 4G LTE-Advanced'),
(189, 'Поддержка AirPlay'),
(204, 'Поддержка eSIM'),
(251, 'Поддержка Google Mobile Services'),
(69, 'Поддержка HDR'),
(264, 'Поддержка MHL'),
(238, 'Поддержка OTG'),
(151, 'Поддержка Smart TV'),
(125, 'Поддержка TPM'),
(122, 'Поддержка USB Power Delivery'),
(244, 'Поддержка беспроводной зарядки'),
(243, 'Поддержка быстрой зарядки'),
(111, 'Поддержка карт памяти кард-ридером'),
(198, 'Поддержка сетей 2G'),
(199, 'Поддержка сетей 3G'),
(200, 'Поддержка сетей 4G (LTE)'),
(201, 'Поддержка сетей 5G'),
(47, 'Подсветка'),
(84, 'Подсветка клавиш'),
(19, 'Покрытие экрана'),
(114, 'Порт Ethernet'),
(50, 'Потребляемая мощность в спящем режиме'),
(49, 'Потребляемая мощность при работе'),
(131, 'Приблизительное время автономной работы'),
(193, 'Приложение для управления'),
(208, 'Производитель процессора'),
(253, 'Прочие технологии передачи данных'),
(40, 'Размер VESA'),
(21, 'Размер видимой области экрана'),
(227, 'Разрешение видео и частота кадров'),
(266, 'Разрешение видеосъемки'),
(258, 'Разрешение снимков'),
(89, 'Разрешение экрана'),
(37, 'Разъем DisplayPort'),
(38, 'Разъем DVI'),
(36, 'Разъем HDMI'),
(39, 'Разъем VGA'),
(239, 'Разъем для наушников'),
(118, 'Разъемы USB Type-A'),
(119, 'Разъемы USB Type-C'),
(82, 'Раскладка клавиатуры'),
(66, 'Расположение блока питания'),
(190, 'Расположение подставки'),
(192, 'Расширенная технология экрана'),
(43, 'Регулировка наклона'),
(42, 'Регулировка по высоте'),
(263, 'Режим работы нескольких SIM-карт'),
(157, 'Сабвуфер'),
(103, 'Свободные слоты для оперативной памяти'),
(18, 'Сенсорный экран'),
(235, 'Системы навигации'),
(86, 'Сканер отпечатка пальца'),
(137, 'Скорость вращения шпинделя'),
(168, 'Слот для CI/PCMCIA'),
(215, 'Слот для карты памяти'),
(17, 'Соотношение сторон'),
(194, 'Стандарт Wi-Fi'),
(146, 'Стандарты HDTV'),
(250, 'Степень защиты IP'),
(232, 'Стереодинамики'),
(68, 'Страна-производитель'),
(254, 'Съемный аккумулятор'),
(85, 'Тачпад'),
(154, 'Телетекст'),
(147, 'Технология HDR'),
(62, 'Технология динамического обновления экрана'),
(20, 'Технология защиты зрения'),
(156, 'Технология звука'),
(16, 'Технология изготовления матрицы'),
(205, 'Технология изготовления экрана'),
(212, 'Техпроцесс'),
(8, 'Тип'),
(134, 'Тип SSD диска'),
(123, 'Тип аккумулятора'),
(224, 'Тип вспышки'),
(72, 'Тип ЖК-матрицы (подробно)'),
(149, 'Тип матрицы'),
(98, 'Тип оперативной памяти'),
(15, 'Тип подсветки матрицы'),
(142, 'Тип подсветки экрана'),
(88, 'Тип экрана'),
(216, 'Типы поддерживаемых карт памяти'),
(128, 'Толщина'),
(56, 'Толщина без подставки'),
(60, 'Толщина с подставкой'),
(150, 'Угол обзора'),
(28, 'Угол обзора по вертикали (градус)'),
(27, 'Угол обзора по горизонтали (градус)'),
(177, 'Управление со смартфона'),
(169, 'Устройство для чтения карт памяти'),
(202, 'Формат SIM-карт'),
(226, 'Формат видеосъемки'),
(145, 'Формат экрана'),
(162, 'Форматы аудиофайлов'),
(175, 'Функция TimeShift'),
(78, 'Цвет верхней крышки'),
(197, 'Цвет граней'),
(195, 'Цвет задней панели'),
(196, 'Цвет передней панели'),
(140, 'Цвет подставки'),
(139, 'Цвет рамки'),
(79, 'Цвет, заявленный производителем'),
(133, 'Цветовой охват'),
(268, 'Цветовой охват Adobe RGB'),
(74, 'Цветовой охват sRGB'),
(83, 'Цифровой блок клавиатуры'),
(153, 'Цифровые тюнеры'),
(148, 'Частота обновления экрана'),
(101, 'Частота оперативной памяти'),
(30, 'Частота при максимальном разрешении'),
(96, 'Частота процессора'),
(210, 'Частота работы процессора'),
(127, 'Ширина'),
(54, 'Ширина без подставки'),
(182, 'Ширина коробки'),
(181, 'Ширина между ножками подставки'),
(191, 'Ширина подставки'),
(58, 'Ширина с подставкой'),
(22, 'Яркость');

-- --------------------------------------------------------

--
-- Структура таблицы `сomment`
--

CREATE TABLE `сomment` (
  `IdСomment` int NOT NULL,
  `IdUser` int NOT NULL,
  `IdProduct` int NOT NULL,
  `DateOfCreate` date NOT NULL,
  `Score` float NOT NULL,
  `CommentText` mediumtext
) ENGINE=InnoDB DEFAULT CHARSET=utf8mb4 COLLATE=utf8mb4_0900_ai_ci;

--
-- Индексы сохранённых таблиц
--

--
-- Индексы таблицы `category`
--
ALTER TABLE `category`
  ADD PRIMARY KEY (`IdCategory`);

--
-- Индексы таблицы `order`
--
ALTER TABLE `order`
  ADD PRIMARY KEY (`IdOrder`),
  ADD KEY `User_idx` (`IdUser`);

--
-- Индексы таблицы `order_product`
--
ALTER TABLE `order_product`
  ADD PRIMARY KEY (`IdOrderProduct`),
  ADD KEY `Product_idx` (`IdProduct`),
  ADD KEY `Order_idx` (`IdOrder`);

--
-- Индексы таблицы `product`
--
ALTER TABLE `product`
  ADD PRIMARY KEY (`IdProduct`),
  ADD KEY `Category_idx` (`IdCategory`);

--
-- Индексы таблицы `product_properties`
--
ALTER TABLE `product_properties`
  ADD PRIMARY KEY (`IdProductProperties`),
  ADD KEY `Characteristic_idx` (`IdCharacteristic`),
  ADD KEY `Product_idx` (`IdProduct`);

--
-- Индексы таблицы `role`
--
ALTER TABLE `role`
  ADD PRIMARY KEY (`IdRole`),
  ADD UNIQUE KEY `NameRole_UNIQUE` (`NameRole`);

--
-- Индексы таблицы `sales_history`
--
ALTER TABLE `sales_history`
  ADD PRIMARY KEY (`IdSalesHistory`),
  ADD KEY `Product_idx` (`IdProduct`);

--
-- Индексы таблицы `users`
--
ALTER TABLE `users`
  ADD PRIMARY KEY (`idUsers`),
  ADD UNIQUE KEY `Email_UNIQUE` (`Email`),
  ADD UNIQUE KEY `TelNumber` (`TelNumber`),
  ADD KEY `Role_idx` (`IdRole`);

--
-- Индексы таблицы `сharacteristic`
--
ALTER TABLE `сharacteristic`
  ADD PRIMARY KEY (`IdСharacteristic`),
  ADD UNIQUE KEY `NameСharacteristic_UNIQUE` (`NameСharacteristic`);

--
-- Индексы таблицы `сomment`
--
ALTER TABLE `сomment`
  ADD PRIMARY KEY (`IdСomment`),
  ADD KEY `User_idx` (`IdUser`),
  ADD KEY `Product_idx` (`IdProduct`);

--
-- AUTO_INCREMENT для сохранённых таблиц
--

--
-- AUTO_INCREMENT для таблицы `category`
--
ALTER TABLE `category`
  MODIFY `IdCategory` int NOT NULL AUTO_INCREMENT, AUTO_INCREMENT=5;

--
-- AUTO_INCREMENT для таблицы `product`
--
ALTER TABLE `product`
  MODIFY `IdProduct` int NOT NULL AUTO_INCREMENT, AUTO_INCREMENT=116;

--
-- AUTO_INCREMENT для таблицы `product_properties`
--
ALTER TABLE `product_properties`
  MODIFY `IdProductProperties` int NOT NULL AUTO_INCREMENT, AUTO_INCREMENT=6123;

--
-- AUTO_INCREMENT для таблицы `role`
--
ALTER TABLE `role`
  MODIFY `IdRole` int NOT NULL AUTO_INCREMENT, AUTO_INCREMENT=3;

--
-- AUTO_INCREMENT для таблицы `users`
--
ALTER TABLE `users`
  MODIFY `idUsers` int NOT NULL AUTO_INCREMENT, AUTO_INCREMENT=20;

--
-- AUTO_INCREMENT для таблицы `сharacteristic`
--
ALTER TABLE `сharacteristic`
  MODIFY `IdСharacteristic` int NOT NULL AUTO_INCREMENT, AUTO_INCREMENT=269;

--
-- Ограничения внешнего ключа сохраненных таблиц
--

--
-- Ограничения внешнего ключа таблицы `order`
--
ALTER TABLE `order`
  ADD CONSTRAINT `User` FOREIGN KEY (`IdUser`) REFERENCES `users` (`idUsers`);

--
-- Ограничения внешнего ключа таблицы `order_product`
--
ALTER TABLE `order_product`
  ADD CONSTRAINT `FK_Orderproduct_product` FOREIGN KEY (`IdProduct`) REFERENCES `product` (`IdProduct`),
  ADD CONSTRAINT `Order` FOREIGN KEY (`IdOrder`) REFERENCES `order` (`IdOrder`);

--
-- Ограничения внешнего ключа таблицы `product`
--
ALTER TABLE `product`
  ADD CONSTRAINT `Category` FOREIGN KEY (`IdCategory`) REFERENCES `category` (`IdCategory`);

--
-- Ограничения внешнего ключа таблицы `product_properties`
--
ALTER TABLE `product_properties`
  ADD CONSTRAINT `Characteristic` FOREIGN KEY (`IdCharacteristic`) REFERENCES `сharacteristic` (`IdСharacteristic`),
  ADD CONSTRAINT `Product2` FOREIGN KEY (`IdProduct`) REFERENCES `product` (`IdProduct`);

--
-- Ограничения внешнего ключа таблицы `sales_history`
--
ALTER TABLE `sales_history`
  ADD CONSTRAINT `Product1` FOREIGN KEY (`IdProduct`) REFERENCES `product` (`IdProduct`);

--
-- Ограничения внешнего ключа таблицы `users`
--
ALTER TABLE `users`
  ADD CONSTRAINT `Role` FOREIGN KEY (`IdRole`) REFERENCES `role` (`IdRole`);

--
-- Ограничения внешнего ключа таблицы `сomment`
--
ALTER TABLE `сomment`
  ADD CONSTRAINT `Product4` FOREIGN KEY (`IdProduct`) REFERENCES `product` (`IdProduct`),
  ADD CONSTRAINT `User2` FOREIGN KEY (`IdUser`) REFERENCES `users` (`idUsers`);
COMMIT;

/*!40101 SET CHARACTER_SET_CLIENT=@OLD_CHARACTER_SET_CLIENT */;
/*!40101 SET CHARACTER_SET_RESULTS=@OLD_CHARACTER_SET_RESULTS */;
/*!40101 SET COLLATION_CONNECTION=@OLD_COLLATION_CONNECTION */;
